<?xml version="1.0" encoding="utf-8" ?>
<control xmlns:def="Definition" xmlns="http://schemas.sitecore.net/Visual-Studio-Intellisense">
  <ContentEditor.Properties>
    <FormDialog Icon="Applications/32x32/document_gear.png" Header="Properties" Text="View some properties of the current item." CancelButton="false">
      <Stylesheet Src="/sitecore/shell/Applications/Content Manager/Dialogs/Properties/Properties.css" />
      <CodeBeside Type="Sitecore.Shell.Applications.ContentManager.Dialogs.Properties.PropertiesForm,Sitecore.Client"/>
      
      <GridPanel Height="100%" Width="100%" Fixed="true">
        <Scrollbox ID="Summary" Width="100%" Height="100%" GridPanel.Style="padding:14px 4px 0px 4px" GridPanel.Height="100%"/>
      </GridPanel>
    </FormDialog>
  </ContentEditor.Properties>
</control>            
