﻿<?xml version="1.0" encoding="UTF-8" ?>
<xamlControls
  xmlns:x="http://www.sitecore.net/xaml"
  xmlns:ajax="http://www.sitecore.net/ajax"
  xmlns:rest="http://www.sitecore.net/rest"
  xmlns:javascript="http://www.sitecore.net/javascript"
  xmlns:r="http://www.sitecore.net/renderings"
  xmlns:xmlcontrol="http://www.sitecore.net/xmlcontrols"
  xmlns:p="http://schemas.sitecore.net/Visual-Studio-Intellisense"
  xmlns:asp="http://www.sitecore.net/microsoft/webcontrols"
  xmlns:html="http://www.sitecore.net/microsoft/htmlcontrols"
  xmlns:xsl="http://www.w3.org/1999/XSL/Transform">

  <Sitecore.Word.EditField x:inherits="Sitecore.Shell.Applications.ContentManager.WordOCX.EditField,Sitecore.Client">
    <Sitecore.Controls.HtmlPage Overflow="hidden" runat="server">

      <AjaxScriptManager runat="server"/>
      <ContinuationManager runat="server" />

      <Script runat="server" type="text/javascript" language="javascript"  x:placeholder="Scripts" Src="/sitecore/shell/Applications/Content%20Manager/WordOCX/WordOCX.js" />
      <Stylesheet runat="server" Src="Content Manager.css" DeviceDependant="true" x:placeholder="Stylesheets" />
      <Stylesheet runat="server" Src="Ribbon.css" DeviceDependant="true" x:placeholder="Stylesheets" />
      <Stylesheet Key="EditHtml" runat="server">
        .scRibbon {
        padding:0px;
        }
      </Stylesheet>

      <input type="hidden" id="scActiveRibbonStrip" name="scActiveRibbonStrip" />

      <asp:Literal id="litBlobId" runat="server" />
      <input type="hidden" id="hdnUploadResult" name="hdnUploadResult"  />

      <label id="lblProperties"  />

      <GridPanel Width="100%" Height="100%" Style="table-layout:fixed" runat="server">

        <Border ID="RibbonPanel" runat="server" />

        <label id="lblProperties" />
        <Border GridPanel.Height="100%" Height="100%" runat="server">
          <object classid="clsid:6BA21C22-53A5-463F-BBE8-5CF7FFA0132B" id="word" width="100%" height="100%" codebase="/sitecore/shell/Applications/Content%20Manager/WordOCX/officeviewer.cab#5,4,518,1">
            <param name="BorderColor" value="-2147483632" />
            <param name="BackColor" value="-2147483643" />
            <param name="ForeColor" value="-2147483640" />
            <param name="TitlebarColor" value="-2147483635" />
            <param name="TitlebarTextColor" value="-2147483634" />
            <param name="Titlebar" value="0" />
            <param name="Toolbars" value="1" />
            <param name="Menubar" value="0" />
            <param name="ActivationPolicy" value="0" />
            <param name="FrameHookPolicy" value="0" />
            <param name="MenuAccelerators" value="1" />
          </object>
        </Border>

      <SCRIPT FOR="word" EVENT= "OnFileCommand()">
        document.word.fileMenuUsed = true;
      </SCRIPT>
      <SCRIPT FOR="word" EVENT= "OnDocumentOpened(Item, Cancel)">
        if (document.word.fileMenuUsed){
        document.word.fileWasOpened = true;
        }
      </SCRIPT>
        <script language="javascript"> <![CDATA[
       
  function InsertLink(link, defaultText) {
    WordOCX_InsertLink(document.word, link, defaultText);
  }
        
  function InsertPicture(imagePath, alt, imageWidth, imageHeight) {
    var image = WordOCX_InsertPicture(document.word, imagePath, alt);
    // Don't need to do resizing - image, get from imagePath, will already be resized
    }

 function InitWord() {
   var word = document.getElementById("word");
   
   if(typeof(word.CreateNew) != 'undefined') {
   word.CreateNew("Word.Document");
    word.currentView = word.ActiveDocument.ActiveWindow.View.Type;
   
      var downloadLink = document.getElementById("hdnDonwloadLink").value;
      if(downloadLink != '') {
        LoadFromStream(downloadLink);
      } else {
        word.CreateNew("Word.Document");
      }
    }
 }
 
 function LoadFromStream(url) {
   var word = document.getElementById("word");
   word.Open(url, "Word.Document");
 }

  function UploadDocument() {
    var uploadResult = document.getElementById("hdnUploadResult");
   
    var word = document.getElementById("word");              
    
    if(!word.IsOpened) {
      alert("A document should be opened");
      return;
    }
    
    if(word.IsDirty || word.fileWasOpened) {
      var uploadLink = document.getElementById("hdnUploadLink").value;
    
      WordOCX_UploadDocument(word, uploadLink);
    
      uploadResult.value = "no error";
    } else {
      uploadResult.value = "not modified";
    }
    return scForm.postEvent(this,event,'OK_Click');
  }

  function RestoreViewType(){
    var word = document.getElementById("word");
    WordOCX_RestoreViewType(word);
  }

  WordOCX_Initialize(document.word);
  setTimeout("InitWord()", 0);
          
]]>        </script>


        <Border Style="border-top:1px solid #666666" Padding="4px" Background="#e9e9e9" runat="server" width="100%">
          <GridPanel Columns="4" runat="server" width="100%">
            <Border runat="server" GridPanel.Width="70%">
              <Button runat="server" ID="InsertLink" Width="76px" Height="23px" KeyCode="27" Margin="0px 0px 0px 4px" FontName="Tahoma" FontSize="8pt" Click="InsertLink_Click">
                <Literal runat="server" Text="Insert a link"/>
              </Button>
              <Button runat="server" ID="InsertMedia" Width="166px" Height="23px" KeyCode="27" Margin="0px 0px 0px 4px" FontName="Tahoma" FontSize="8pt" Click="InsertMedia_Click">
                <Literal runat="server" Text="Insert Media"/>
              </Button>
            </Border>
            <Border runat="server" GridPanel.Width="50%" GridPanel.Align="right">
              <button class="scButton"
                     onclick="return UploadDocument()"
                     ID="btnAccept"
                     style="margin: 0px 0px 0px 4px; font-family: Tahoma; font-style: normal; font-variant: normal; font-weight: normal; font-size: 8pt; line-height: normal; font-size-adjust: none; font-stretch: normal; -x-system-font: none;">
                <Literal runat="server" Text="Accept"/>
              </button>

              <Button runat="server" ID="Cancel" Width="76px" Height="23px" KeyCode="27" Margin="0px 0px 0px 4px" FontName="Tahoma" FontSize="8pt" Click="Cancel_Click" onclick="RestoreViewType" >
                <Literal runat="server" Text="Reject"/>
              </Button>
            </Border>
          </GridPanel>

        </Border>
      </GridPanel>
    </Sitecore.Controls.HtmlPage>
  </Sitecore.Word.EditField>

</xamlControls>

