<?xml version="1.0" encoding="utf-8" ?>
<control xmlns:def="Definition" xmlns="http://schemas.sitecore.net/Visual-Studio-Intellisense">
  <Docx.InsertLink>
    <FormDialog Icon="Network/32x32/link.png" Header="Insert a Link"
      Text="Select the item or media that you want to create a link to." OKButton="Link">

      <script Type="text/javascript" Language="javascript" Src="/sitecore/shell/RadControls/Editor/Scripts/7_2_0/RadWindow.js">.</script>
      <script Type="text/javascript" Language="javascript" Src="/sitecore/shell/Controls/Rich Text Editor/InsertLink/InsertLink.js">.</script>

      <CodeBeside Type="Sitecore.Shell.Applications.ContentManager.WordOCX.InsertLink,Sitecore.Client"/>

      <DataContext ID="InternalLinkDataContext"/>
      <DataContext ID="MediaDataContext" Root="{3D6658D8-A0BF-4E75-B3E2-D050FABCF4E1}"/>

      <Tabstrip ID="Tabs" Width="100%" Height="100%">

        <Tab ID="InternalLinkTab" Header="Internal Link">
          <GridPanel Width="100%" Height="100%" Style="table-layout:fixed">
            <Scrollbox Width="100%" Height="100%" GridPanel.VAlign="top" Background="white" Border="none" Padding="0">
              <TreeviewEx ID="InternalLinkTreeview" DataContext="InternalLinkDataContext" Root="true" />
            </Scrollbox>
          </GridPanel>
        </Tab>

        <Tab ID="MediaTab" Header="Media Items">
          <GridPanel Width="100%" Height="100%" Style="table-layout:fixed">

            <Scrollbox Width="100%" Height="100%" Background="white" Border="none" Padding="0" GridPanel.Height="100%">
              <TreeviewEx ID="MediaTreeview" DataContext="MediaDataContext" Root="true" />
            </Scrollbox>

            <Border Align="right" Style="border-top:1px solid #919b9c" Padding="4px 8px 2px 0px">
              <Button Header="Upload" Click="media:upload(edit=1,load=1)"/>
            </Border>
          </GridPanel>
        </Tab>

      </Tabstrip>

    </FormDialog>
  </Docx.InsertLink>
</control>
