<?xml version="1.0" encoding="utf-8" ?> 
<control xmlns:def="Definition" xmlns="http://schemas.sitecore.net/Visual-Studio-Intellisense">
  <Shell>
    <CodeBeside Type="Sitecore.Shell.Applications.ShellForm,Sitecore.Client" FrameName="Shell"/>
    
    <Stylesheet Src="Shell.css" DeviceDependant="true"/>
    <Stylesheet Src="Startbar.css" DeviceDependant="true"/>
    <Script type="text/JavaScript" language="javascript" src="/sitecore/shell/controls/SitecoreObjects.js" />
    <Script type="text/JavaScript" language="javascript" src="/sitecore/shell/controls/SitecoreWindowManager.js" />
    <Script type="text/JavaScript" language="javascript" src="/sitecore/shell/controls/lib/scriptaculous/scriptaculous.js?load=effects" />
    <Script type="text/JavaScript" language="javascript" key="TrackModified">
      scSitecore.prototype.setModified = function(value) {
        this.modified = false;
      }
    </Script>

    <FormPage Submittable="false" TrackModified="false">
      <img ID="Wallpaper" src="/sitecore/shell/Themes/Backgrounds/working.jpg" alt="" border="0"/>
      
      <Border KeyDown="ShowStartMenu" KeyFilter="c91">
        <GridPanel Class="scFill scFixed">

          <Border ID="Desktop" GridPanel.Class="scFill" ContextMenu="ShowContextMenu">
            <Border ID="Links" DblClick="Launch"/>
          </Border>

          <Startbar GridPanel.Class="scStartbar"/>

        </GridPanel>
      </Border>
    </FormPage>
  </Shell>
</control>
