<?xml version="1.0" encoding="UTF-8" ?>
<xamlControls 
  xmlns:x="http://www.sitecore.net/xaml"
  xmlns:ajax="http://www.sitecore.net/ajax"
  xmlns:rest="http://www.sitecore.net/rest"
  xmlns:r="http://www.sitecore.net/renderings"
  xmlns:xmlcontrol="http://www.sitecore.net/xmlcontrols"
  xmlns:p="http://schemas.sitecore.net/Visual-Studio-Intellisense"
  xmlns:asp="http://www.sitecore.net/microsoft/webcontrols"
  xmlns:html="http://www.sitecore.net/microsoft/htmlcontrols"
  xmlns:xsl="http://www.w3.org/1999/XSL/Transform">
  
  <Sitecore.Shell.Applications.Security.SetPassword Application="Security/Edit User" x:inherits="Sitecore.Shell.Applications.Security.SetPassword.SetPasswordPage,Sitecore.Client">

    <Sitecore.Controls.DialogPage Header="Change Password" Icon="Control/32x32/edit_mask.png" Text="Change the password." runat="server">
      <AjaxScriptManager runat="server"/>
      <ContinuationManager runat="server" />

      <div>
        <ThemedImage Src="People/32x32/user1.png" Width="32" Height="32" Float="left" runat="server" />
        <div style="font:bold 9pt tahoma">
          <asp:Label ID="UserName" runat="server"/>
        </div>
        <div>
          <asp:Label ID="DomainName" runat="server"/>
        </div>
      </div>
      <hr style="clear:left"/>

      <GridPanel Class="EntryGrid" Columns="2" Cellpadding="2" runat="server">
        <Literal Text="Old Password:" GridPanel.Align="right" GridPanel.Style="white-space:nowrap" runat="server"/>
        <asp:TextBox ID="OldPassword" Width="100%" TextMode="Password" GridPanel.Width="100%" runat="server"/>

        <Literal Text="New Password:" GridPanel.Align="right" GridPanel.Style="white-space:nowrap"  runat="server"/>
        <asp:TextBox ID="NewPassword" Width="100%" TextMode="Password" GridPanel.Width="100%" runat="server"/>

        <Literal Text="Confirm Password:" GridPanel.Align="right" GridPanel.Style="white-space:nowrap" runat="server"/>
        <asp:TextBox ID="ConfirmPassword" Width="100%" TextMode="Password" GridPanel.Width="100%" runat="server"/>
      </GridPanel>

      <hr />

      <div style="padding:0px 0px 8px 0px">
        <Literal Text="If you do not know the old password, you can change the password to a randomly generated password." runat="server" />
        <br/>
        <br/>
        <Literal Text="IMPORTANT: THE PASSWORD WILL BE CHANGED IMMEDIATELY WHEN YOU CLICK GENERATE." runat="server" />
      </div>

      <div style="padding:0px 0px 8px 0px">
        <Button runat="server" Header="Generate" Click="Generate_Click" style="width:auto"/>
      </div>

      <div>
        <Border ID="RandomPassword" Foreground="#999999" Padding="4px" Border="1px inset" Background="white"  runat="server">
          <Literal Text="No password has been generated yet." runat="server"/>
        </Border>

        <div align="right" style="padding:4px 0px 0px 0px">
          <button style="font:8pt tahoma;border:none;background:transparent" onclick="javascript:window.clipboardData.setData('Text', scForm.browser.getControl('RandomPassword').innerHTML)">
            <Literal Text="Copy to Clipboard" runat="server"/>
          </button>
        </div>
      </div>
    </Sitecore.Controls.DialogPage>
  </Sitecore.Shell.Applications.Security.SetPassword>

</xamlControls>
