<?xml version="1.0" encoding="utf-8" ?>
<xamlControls
  xmlns:x="http://www.sitecore.net/xaml"
  xmlns:ajax="http://www.sitecore.net/ajax"
  xmlns:rest="http://www.sitecore.net/rest"
  xmlns:javascript="http://www.sitecore.net/javascript"
  xmlns:r="http://www.sitecore.net/renderings"
  xmlns:xmlcontrol="http://www.sitecore.net/xmlcontrols"
  xmlns:p="http://schemas.sitecore.net/Visual-Studio-Intellisense"
  xmlns:asp="http://www.sitecore.net/microsoft/webcontrols"
  xmlns:html="http://www.sitecore.net/microsoft/htmlcontrols"
  xmlns:xsl="http://www.w3.org/1999/XSL/Transform">
  
  <Sitecore.Controls.DialogPage>
    <x:param name="Icon" value="Applications/32x32/about.png" />
    <x:param name="Header" value="Dialog" />
    <x:param name="Text" value="Dialog" />
    <x:param name="OKButton" value="OK" />

    <BaseDialogPage Icon="{Icon}" Header="{Header}" Text="{Text}" runat="server">
      <Button runat="server" ID="OK" Width="76px" Height="23px" KeyCode="13" Margin="0px 0px 0px 4px" Click="OK_Click" x:placeholder="DialogButtons">
        <Literal runat="server" Text="{OKButton}"/>
      </Button>

      <Button runat="server" ID="Cancel" Width="76px" Height="23px" KeyCode="27" Margin="0px 0px 0px 4px" Click="Cancel_Click" x:placeholder="DialogButtons">
        <Literal runat="server" Text="Cancel"/>
      </Button>

      <Placeholder runat="server" x:placeholder="Content"/>
    </BaseDialogPage>

  </Sitecore.Controls.DialogPage>
</xamlControls>
