<?xml version="1.0" encoding="utf-8" ?>
<xamlControls xmlns:html="http://www.sitecore.net/htmlcontrols" xmlns:x="http://www.sitecore.net/xaml">
  <Sitecore.Controls.XHtmlPage>&lt;!DOCTYPE HTML PUBLIC "-//W3C//DTD XHTML 1.0 Transitional//EN"&gt;
    <x:param name="Title" value="Sitecore" />
    <x:param name="Background" />
<html>
  <html:Head runat="server">
    <html:Title runat="server"><Literal runat="server" Text="{Title}" /></html:Title>
    <meta name="GENERATOR" content="Sitecore" />
    <meta http-equiv="imagetoolbar" content="no" />           
    <meta http-equiv="imagetoolbar" content="false" />
    <Placeholder runat="server" key="Stylesheets"/>
  </html:Head>
  <body style="margin:0px;width:100%;height:100%">           
    <html:Form runat="server">
      <x:styleattribute runat="server" name="background" value="{Background}" />
      
      <Placeholder runat="server"/>                                  
    </html:Form>
  </body>
</html>
  </Sitecore.Controls.XHtmlPage>
</xamlControls>
