﻿<?xml version="1.0" encoding="utf-8" ?>
<control xmlns:def="Definition">
  <Installer.FilesFilterEditor def:inherits="Sitecore.Shell.Applications.Install.Controls.FilesFilterEditor,Sitecore.Client">
    <Border Width="100%" Height="100%" Padding="$Padding" Style="$Style">
      <GridPanel Width="100%" Columns="1" Height="100%">
        <Scrollbox Width="100%" Height="100%" GridPanel.Height="100%" GridPanel.Width="100%" Background="transparent" Border="none" Padding="0">
          <GridPanel Width="100%" Columns="1" Height="50">
            <Border Padding="0 0 20 0">
              <Literal Text="File name filter" />
              <Groupbox Padding="5 0 5 0">
                <Installer.FileNameFilterEditor def:ID="NameFilter"/>
              </Groupbox>
            </Border>
          </GridPanel>

          <GridPanel Width="100%" Columns="1" Height="80">
            <Border Padding="0 0 20 0">
              <Literal Text="Creation date filter" />
              <Groupbox Padding="5 0 5 0">
                <Installer.FileDateFilterEditor def:ID="CreationDateFilter" DateFilterType="CreatedFilter"/>
              </Groupbox>
            </Border>
          </GridPanel>

          <GridPanel Width="100%" Columns="1" Height="80">
            <Border Padding="0 0 20 0">
              <Literal Text="Modification date filter" />
              <Groupbox Padding="5 0 5 0">
                <Installer.FileDateFilterEditor def:ID="ModificationDateFilter" DateFilterType="ModifiedFilter"/>
              </Groupbox>
            </Border>
          </GridPanel>
        </Scrollbox>
      </GridPanel>
    </Border>
  </Installer.FilesFilterEditor>
</control>