﻿<?xml version="1.0" encoding="utf-8" ?>
<control xmlns:def="Definition">
  <Installer.ItemsFilterEditor def:inherits="Sitecore.Shell.Applications.Install.Controls.ItemsFilterEditor,Sitecore.Client">
    <Border Width="100%" Height="100%" Padding="$Padding" Style="$Style">
      <GridPanel Width="100%" Columns="1" Height="100%">
        <Scrollbox Width="100%" Height="100%" GridPanel.Height="100%" GridPanel.Width="100%" Background="transparent" Border="none" Padding="0">
          <GridPanel Width="100%" Columns="1" Height="50">
            <Border Padding="0 0 20 0">
              <Literal Text="Item name filter" />
              <Groupbox Padding="5 0 5 0">
                <Installer.ItemNameFilterEditor def:ID="nameFilter"/>
              </Groupbox>
            </Border>
          </GridPanel>

          <GridPanel Width="100%" Columns="1" Height="80">
            <Border Padding="0 0 20 0">
              <Literal Text="Creation date filter" />
              <Groupbox Padding="5 0 5 0">
                <Installer.ItemDateFilterEditor def:ID="cdateFilter" DateFilterType="CreatedFilter"/>
              </Groupbox>
            </Border>
          </GridPanel>

          <GridPanel Width="100%" Columns="1" Height="80">
            <Border Padding="0 0 20 0">
              <Literal Text="Modification date filter" />
              <Groupbox Padding="5 0 5 0">
                <Installer.ItemDateFilterEditor def:ID="mdateFilter" DateFilterType="ModifiedFilter"/>
              </Groupbox>
            </Border>
          </GridPanel>

          <GridPanel Width="100%" Columns="1" Height="50">
            <Border Padding="0 0 20 0">
              <Literal Text="Publish date filter" />
              <Groupbox Padding="5 0 5 0">
                <Installer.ItemPublishFilterEditor def:ID="pubFilter"/>
              </Groupbox>
            </Border>
          </GridPanel>

          <GridPanel Width="100%" Columns="1" Height="80">
              <Border Padding="0 0 20 0">
                 <Literal Text="Template filter" />
                 <Groupbox Padding="5 0 5 0">
                    <Installer.ItemTemplateFilterEditor def:ID="templFilter"/>
                 </Groupbox>
              </Border>
           </GridPanel>

           <GridPanel Width="100%" Columns="1" Height="80">
              <Border Padding="0 0 20 0">
                 <Literal Text="Created by filter" />
                 <Groupbox Padding="5 0 5 0">
                    <Installer.ItemUserFilterEditor def:ID="cuserFilter" FilterType="Created"/>
                 </Groupbox>
              </Border>
           </GridPanel>

           <GridPanel Width="100%" Columns="1" Height="80">
              <Border Padding="0 0 20 0">
                 <Literal Text="Updated by filter" />
                 <Groupbox Padding="5 0 5 0">
                    <Installer.ItemUserFilterEditor def:ID="muserFilter" FilterType="Modified"/>
                 </Groupbox>
              </Border>
           </GridPanel>

           <GridPanel Width="100%" Columns="1" Height="80">
              <Border Padding="0 0 20 0">
                 <Literal Text="Language filter" />
                 <Groupbox Padding="5 0 5 0">
                    <Installer.ItemLanguageFilterEditor def:ID="laFilter"/>
                 </Groupbox>
              </Border>
           </GridPanel>
        </Scrollbox>
      </GridPanel>
    </Border>
  </Installer.ItemsFilterEditor>
</control>