﻿<?xml version="1.0" encoding="utf-8" ?>
<control xmlns:def="Definition">
   <Installer.ItemPublishFilterEditor def:inherits="Sitecore.Shell.Applications.Install.Controls.ItemPublishFilterEditor,Sitecore.Client">
      <GridPanel Width="100%" Columns="2"  Height="100%">
         <GridPanel Columns="2" Height="100%">
            <Literal Text="Publish date: " Padding="0 0 0 21" GridPanel.Width="110"/>
            <DatePicker def:ID="PublishDate" GridPanel.Width="100"/>
           <Checkbox def:ID="CheckWorkflow" Header="Take workflow into account" Checked="true" GridPanel.Columns="2" />
         </GridPanel>
         <GridPanel GridPanel.Valign="Top">
            <Button def:ID="ClearButton" Header="Clear Filter" />
         </GridPanel>
      </GridPanel>
   </Installer.ItemPublishFilterEditor>
</control>
