﻿<?xml version="1.0" encoding="utf-8" ?>
<control xmlns:def="Definition" xmlns:installer="Sitecore.Shell.Applications.Install.Controls">
   <Installer.ItemUserFilterEditor def:inherits="Sitecore.Shell.Applications.Install.Controls.ItemUserFilterEditor,Sitecore.Client">
      <GridPanel Width="100%" Columns="2"  Height="100%">
        <GridPanel Columns="1" GridPanel.Width="100%" GridPanel.Valign="Top" Width="100%">
          <Installer.SelectAccount def:ID="AccountSelector" />
        </GridPanel>
         <GridPanel GridPanel.Valign="Top">
            <Button def:ID="ClearButton" Header="Clear Filter" />
         </GridPanel>
      </GridPanel>
   </Installer.ItemUserFilterEditor>
</control>
