﻿<?xml version="1.0" encoding="utf-8" ?>
<control xmlns:def="Definition">
   <Installer.ItemNameFilterEditor def:inherits="Sitecore.Shell.Applications.Install.Controls.ItemNameFilterEditor,Sitecore.Client">
      <GridPanel Width="100%" Columns="1"  Height="100%">
         <Literal Text="All or part of the item name:" Padding="0 0 0 2"/>
         <GridPanel Width="100%" Columns="2"  Height="100%" GridPanel.Valign="Top">
            <Edit ID="MaskItem" Width="100%" GridPanel.Width="100%"/>
            <Button def:ID="ClearButton" Header="Clear Filter" />
         </GridPanel>
         <GridPanel Width="100%" Columns="2"  Height="100%" GridPanel.Valign="Top">
            <Literal Text="Use:" GridPanel.Width="35" Padding="0 0 0 2"/>
            <Listbox def:ID="SearchOption" Style="display:block">
               <ListItem def:ID="SimpleSerachOption" Header="Simple Search" Value="0"/>
               <ListItem def:ID="RegexSerachOption" Header="Regular Expression" Value="1"/>
               <ListItem def:ID="WildCardSerachOption" Header="Wildcards" Value="2"/>
            </Listbox>
         </GridPanel>
      </GridPanel>
   </Installer.ItemNameFilterEditor>
</control>