<?xml version="1.0" encoding="utf-8" ?>
<control xmlns:def="Definition" xmlns="http://schemas.sitecore.net/Visual-Studio-Intellisense">
  <Sitecore.Shell.Applications.Dialogs.SelectItem>
    <FormDialog ID="Dialog" Icon="Core/32x32/open_document.png" Header="Open Item" 
      Text="Select the item that you wish to open. Then click the Open button." OKButton="Open">

      <CodeBeside Type="Sitecore.Shell.Applications.Dialogs.SelectItem.SelectItemForm,Sitecore.Client"/>

      <DataContext ID="DataContext" Root="/"/>

      <GridPanel Width="100%" Height="100%" Style="table-layout:fixed">
        <Scrollbox ID="Items" Height="100%" Class="scScrollbox scFixSize scFixSize4" Background="white" Border="1px inset" Padding="0px" GridPanel.Height="100%">

          <TreeviewEx ID="Treeview" DataContext="DataContext" ShowRoot="true" DblClick="OK_Click" ContextMenu='Treeview.GetContextMenu("contextmenu")' />
          
        </Scrollbox>
      </GridPanel>

    </FormDialog>
  </Sitecore.Shell.Applications.Dialogs.SelectItem>
</control>
