<?xml version="1.0" encoding="utf-8" ?>
<control xmlns:def="Definition" xmlns="http://schemas.sitecore.net/Visual-Studio-Intellisense" xmlns:shell="http://www.sitecore.net/shell">
  <Gallery.Versions.Option>
    <Border RollOver="true" Class="scMenuPanelItem" Click="$Click">
      <GridPanel Columns="2">
        <Border Class="scClickFont" NoWrap="true" FontName="Ariel" FontSize="16px" FontBold="true" Height="25px" GridPanel.VAlign="top">
          <Literal Text="$Number"/>
        </Border>

        <Border NoWrap="true">

          <Border Padding="0px 0px 0px 8px">
            <Literal Text="$Header"/>
          </Border>

        </Border>
      </GridPanel>
    </Border>
  </Gallery.Versions.Option>
</control>
