﻿<?xml version="1.0" encoding="utf-8" ?>
<xamlControls
  xmlns:x="http://www.sitecore.net/xaml"
  xmlns:ajax="http://www.sitecore.net/ajax"
  xmlns:rest="http://www.sitecore.net/rest"
  xmlns:r="http://www.sitecore.net/renderings"
  xmlns:xmlcontrol="http://www.sitecore.net/xmlcontrols"
  xmlns:p="http://schemas.sitecore.net/Visual-Studio-Intellisense"
  xmlns:asp="http://www.sitecore.net/microsoft/webcontrols"
  xmlns:html="http://www.sitecore.net/microsoft/htmlcontrols"
  xmlns:xsl="http://www.w3.org/1999/XSL/Transform">

  <Sitecore.Shell.Applications.Analytics.Personalization.SelectMultiplePresets x:inherits="Sitecore.Shell.Applications.Analytics.Personalization.SelectMultiplePresets,Sitecore.Client">
    <Sitecore.Controls.DialogPage runat="server" Header="Select Profile Cards" Icon="BusinessV2/32x32/chart_radar.png" Text="Select the profile cards whose values you want to assign to the current page.">
      <x:register assembly="Sitecore.Client" namespace="Sitecore.Shell.Applications.Analytics.Personalization" />
      <x:register assembly="Telerik.Web.UI" namespace="Telerik.Web.UI" />

      <Stylesheet Src="Grid.css" DeviceDependant="true" runat="server" />
      <Stylesheet Src="Content Manager.css" DeviceDependant="true" runat="server" />
      <Stylesheet Src="/sitecore/shell/Applications/Analytics/Personalization/PresetList.css" runat="server"/>
      <Script Src="/sitecore/shell/Applications/Analytics/Personalization/PresetList.js" runat="server"/>
      <Script Src="/sitecore/shell/Applications/Analytics/Personalization/Tooltip.js" runat="server"/>

      <style>
        .RadarChart{
        width:324px;
        height:230px;
        padding:0;
        margin:10px 10px 0 0;
        }

        .actionButton
        {
        width:90px;
        margin:0px 5px 10px 5px;
        }

        #PresetButtons{
        border-top: 1px solid #A0A0A0;
        }

        .presetCardContainer
        {
        border-bottom: 1px solid #EAEAEA;
        border-top: 1px solid White;
        border-left: 1px solid White;
        border-right: 1px solid White;
        }

        .hoveredPresetCardContainer
        {
        background-color: #ECF7FD;
        border: 1px solid #D8F0FA;
        }

        .selectedPresetCardContainer
        {
        background: url("/sitecore/shell/Themes/Standard/Images/Personalization/ProfileCardSelected.png") repeat-x scroll 0 0 #D1EDFC;
        background-position: top;
        border: 1px solid #99DEFD;
        }

        #leftBlockContainer
        {
        padding:10px 0 0 0;
        width:344px;
        height:250px;
        }

        .ie #leftBlockContainer
        {
        padding:10px 0 0 0;
        }

        .SelectedPresetsContainer{
        width:100%;
        height:100%;
        overflow-y:auto;
        vertical-align:top;
        background-color:White;
        padding:0;
        margin:0;
        }

        #SelectedPresetsOuterContainer
        {
        border-top:1px solid #A0A0A0;
        border-left:1px solid #D5D5D5;
        border-right:1px solid #D5D5D5;
        }

      </style>

      <RadScriptManager runat="server"/>
      <script type="text/javascript">
        if (typeof(scBrowser) != 'undefined') {
        scBrowser.prototype.initializeFixsizeElementsEx = scBrowser.prototype.initializeFixsizeElements;

        scBrowser.prototype.initializeFixsizeElements = function (preserveFixSize) {
        this.initializeFixsizeElementsEx(preserveFixSize);
        correctSize();
        }


        scBrowser.prototype.resizeFixsizeElementsEx = scBrowser.prototype.resizeFixsizeElements;

        scBrowser.prototype.resizeFixsizeElements = function () {
        this.resizeFixsizeElementsEx();
        correctSize();
        }

        function correctSize(){
        }
        }

        var presetList = new Sitecore.PresetList('PresetsContainer');
        window.onresize = presetList.OnResize;
      </script>
      <AjaxScriptManager runat="server"/>
      <ContinuationManager runat="server" />
      <RadToolTipManager runat="server" ID="ToolTipManager"/>
      <table width="100%" height="100%" cellspacing="1" cellpadding="1" Border="0" style="padding:0;">
        <tr valign="top">
          <td>
            <table border="0" cellspacing="0" cellpadding="0" style="padding:0; marging:0; table-layout:fixed;" width="100%" height="100%">
              <tr height="25px">
                <td style="padding-left:3px;" width="50%">
                  <Literal Text="Profile Cards" runat="server" Style="font:bold 9pt tahoma;"/>
                </td>
                <td width="100px">
                </td>
                <td style="padding-left:3px;" width="50%">
                  <Literal Text="Profile Card Details" runat="server" Style="font:bold 9pt tahoma;"/>
                </td>
                <td width="364px">
                  <table border="0" cellspacing="0" cellpadding="0" style="padding:0; marging:0;" width="100%">
                    <tr>
                      <td style="padding-left:10px;">
                        <Literal Text="Profile Card Values" runat="server" Style="font:bold 9pt tahoma;"/>
                      </td>
                      <td align="right">
                        <Button runat="server" id="CustomizeButton" click="CustomizeProfile">
                          <Literal runat="server" Text="Customize"/>
                        </Button>
                      </td>
                    </tr>
                  </table>
                </td>
              </tr>
              <tr style="background-color:#F7F7F7;">
                <td id="PresetsContainer" class="presetList" >
                  <RadListBox ID="Presets" runat="server" Width="100%" height="100%">
                    <Items>
                    </Items>
                  </RadListBox>
                </td>
                <td id="PresetButtons">
                  <div>
                    <Button class="actionButton" id="AddButton" runat="server">
                      <Literal runat="server" Text="Add &gt;&gt;"/>
                    </Button>
                  </div>
                  <div>
                    <Button class="actionButton" id="RemoveButton" runat="server">
                      <Literal runat="server" Text="&lt;&lt; Remove"/>
                    </Button>
                  </div>
                </td>
                <td id="SelectedPresetsOuterContainer">
                  <div id="SelectedPresetsContainer" runat="server" class="SelectedPresetsContainer scFixSize"></div>
                </td>
                <td style="border-top:1px solid #A0A0A0;vertical-align:top;" align="center">
                  <div style="margin:0;padding:0;height:100%;width:100%;overflow-y:auto;overflow-x:hidden;" class="scFixSize" id="rightContainer">
                    <table border="0" cellspacing="0" cellpadding="0" style="padding:0; marging:0;" width="100%">
                      <tr>
                        <td valign="top" id="CardContainer" runat="server" style="padding:10px 10px 0 10px; margin:0;width:100%;display:none;">
                          <div id="CustomizationCardContainer" runat="server" style="width:344px;height:100%;border:1px solid #d4d4d4;;background-color:White;">
                            <CustomizationProfileCard runat="server" id="CustomizationPresetCard" CssClass="PresetCustomizationCard" Height="150px" Width="100%"/>
                          </div>
                        </td>
                      </tr>
                      <tr>
                        <td valign="top" align="center" style="padding:0 10px 0 10px; width:100%;">
                          <div id="leftBlockContainer">
                            <div id="ChartContainer" runat="server" style="width:100%; height:100%; border:1px solid #d4d4d4;background-color:White;">
                              <RadarChart runat="server" id="PersonalizationRadarChart" CssClass="RadarChart"></RadarChart>
                            </div>
                          </div>
                        </td>
                      </tr>
                    </table>
                  </div>
                </td>
              </tr>
            </table>
          </td>
        </tr>
      </table>
    </Sitecore.Controls.DialogPage>
  </Sitecore.Shell.Applications.Analytics.Personalization.SelectMultiplePresets>

</xamlControls>