<?xml version="1.0" encoding="utf-8" ?> 
<control xmlns:def="Definition" xmlns="http://schemas.sitecore.net/Visual-Studio-Intellisense">
  <Imager>
    <FormPage Application="Media/Imager">
      <Stylesheet Src="Content Manager.css" DeviceDependant="true"/>
      <Stylesheet Src="Ribbon.css" DeviceDependant="true"/>
      <Script Src="/sitecore/shell/Applications/Media/Imager/Imager.js"/>
      <Script Src="/sitecore/shell/Applications/Content Manager/Content Editor.js"/>
      <Script Src="/sitecore/shell/controls/SitecoreModifiedHandling.js"/>

      <CodeBeside Type="Sitecore.Shell.Applications.Media.Imager.ImagerForm,Sitecore.Client"/>

      <input id="CropInfo" name="CropInfo" type="hidden"/>
      
      <Action ID="HasFile" Disabled="true"/>

      <input type="hidden" id="scActiveRibbonStrip" name="scActiveRibbonStrip" />
      
      <Border Background="#e9e9e9">
      
        <GridPanel Width="100%" Height="100%" Style="table-layout:fixed">

          <Border ID="RibbonPanel"/>

          <Scrollbox Border="none" Padding="0" Background="window" GridPanel.Height="100%">

            <div style="width:100%;height:100%" onmousedown="javascript:if (rubberband) rubberband.MouseDown(event)"
              onmousemove="javascript:scUpdatePosition(event, 'move'); if (rubberband) rubberband.MouseMove(event)"
              onmouseup="javascript:if (rubberband) rubberband.MouseUp(event)"
              onmouseout="javascript:scUpdatePosition(event, 'out')">
              <Image ID="Image" Cursor="crosshair" Align="top" Width="" Height="" Visible="false" RenderAs="WebControl" />
            </div>

            <span id="Rubber" style="position:absolute;z-index:2;border:2px ridge;display:none;font:1px tahoma"></span>

          </Scrollbox>

          <Border Background="#999999"><Space/></Border>
          
          <Border Padding="4px 2px 2px 2px">
            <Border ID="Position" Padding="2px" Border="1px solid inset">&#160;</Border>
          </Border>
          
        </GridPanel>
      
      </Border>
    
    </FormPage>
  </Imager>
</control>

