<?xml version="1.0" encoding="utf-8" ?> 
<control xmlns:def="Definition" xmlns="http://schemas.sitecore.net/Visual-Studio-Intellisense">
  <ExportLanguage>
    <WizardForm CodeBeside="Sitecore.Shell.Applications.Globalization.ExportLanguage.ExportLanguageForm,Sitecore.Client" Submittable="false">

      <WizardFormFirstPage ID="FirstPage" Icon="Network/32x32/Earth_Location.png">
        <Border Class="scWizardWelcomeTitle"><Literal ID="Welcome" Text="Welcome to the Export Language Wizard."/></Border>
        <Literal Text="This wizard helps you:"/>
        <ul>
          <li class="scWizardBullet"><Literal Text="Select the languages to export."/></li>
          <li class="scWizardBullet"><Literal Text="Specify a destination file."/></li>
          <li class="scWizardBullet"><Literal Text="Export the languages."/></li>
        </ul>
      </WizardFormFirstPage>
      
      <WizardFormPage ID="Languages" Header="Select Languages" Text="Select the languages you wish to export. Click Next to continue." Icon="Network/32x32/Earth_Location.png">
        <WizardFormIndent>
        
          <Groupbox ID="LanguagesPanel" Header="Export Language" Margin="0px 0px 16px 0px">
            <Border Padding="4" ID="LanguageList"/>
          </Groupbox>
          
        </WizardFormIndent>
      </WizardFormPage>
    
      <WizardFormPage ID="Start" Header="Select Starting Point" Text="Select the staring point from which to export. Click Next to continue." Icon="Network/32x32/Earth_Location.png">
        <WizardFormIndent>
          <DataContext ID="DataContext" Root="/" Folder="/sitecore/content" DataViewName="Master"/>
          
          <GridPanel Width="100%" Height="100%">

            <Literal Text="Select the Sitecore item."/>
            
            <Scrollbox Width="100%" Height="100%" GridPanel.Height="100%" Padding="0" ContextMenu="Root.GetContextMenu">
              <TreeviewEx ID="Root" DataContext="DataContext"/>
            </Scrollbox>
            
          </GridPanel>
        </WizardFormIndent>
      </WizardFormPage>
    
      <WizardFormPage ID="File" Header="Select Language File" Text="Enter the name of the language file to export. Click Next to continue." Icon="Network/32x32/Earth_Location.png">
        <WizardFormIndent>
          <Border Padding="0px 0px 2px 0px">
            <Literal Text="Enter the name of the language file:"/>
          </Border>
          
          <Border Padding="0px 0px 16px 0px">
            <Edit ID="LanguageFile" Width="100%"/>
          </Border>

          <Border Padding="0px 0px 2px 0px">
            <Literal Text="Click Browse to locate a language file."/>
          </Border>
          
          <Border>
            <Button ID="Browse" Header="Browse" Click="export:browse"/>
          </Border>
          
        </WizardFormIndent>
      </WizardFormPage>
    
      <WizardFormPage ID="Exporting" Header="Exporting" Text="Please wait while exporting..." Icon="Network/32x32/Earth_Location.png">
        <GridPanel Width="100%">
          
          <Space Height="64"/>
          
          <ThemedImage Src="Network/48x48/Earth_Location.png" Width="48" Height="48" GridPanel.Align="center"/>

          <Space Height="16"/>
          
          <Border Align="center">
            <ThemedImage Src="Images/progress.gif" Width="94" Height="17"/>
          </Border>
          
          <Space Height="16"/>
          
          <Border ID="Text" Align="center" GridPanel.Align="center" GridPanel.Style="font-weight:bold">
            <Literal Text="Exporting..."/>
          </Border>
          <Space Height="16"/>
          <Border ID="Status" Align="center" GridPanel.Align="center">
            &#160;
          </Border>
          
        </GridPanel>
      </WizardFormPage>

      <WizardFormPage ID="Retry" Header="An error occurred" Text="An error occurred while exporting the language file. You can review the error text below." Icon="Network/32x32/Earth_Location.png">
        <WizardFormPadding>
          <GridPanel Width="100%" Height="100%" Fixed="true">
            <Memo ID="ErrorText" ReadOnly="true" Width="100%" Height="100%"/>
          </GridPanel>
        </WizardFormPadding>
      </WizardFormPage>

      <WizardFormLastPage ID="LastPage" Icon="Network/32x32/Earth_Location.png">
        <GridPanel Cellpadding="2" Width="100%" Height="100%" Fixed="true">
        
          <Border GridPanel.Style="padding:0px 0px 16px 0px; font-weight:bold"><Literal Text="The wizard has completed. Click Finish to close the wizard."/></Border>
          
          <Border GridPanel.Style="padding:0px 0px 16px 0px">
            <Literal Text="To download the language file, click Download "/>
            <Border Padding="8px 0px 0px 0px">
              <Button Header="Download" Click="Download"/>
            </Border>
          </Border>
          
          <Border GridPanel.Style="padding:0px 0px 2px 0px">
            <Literal Text="Result:"/>
          </Border>
          
          <Memo ID="ResultText" ReadOnly="true" Width="100%" Height="100%" GridPanel.Height="100%"/>
          
        </GridPanel>
      </WizardFormLastPage>

    </WizardForm>
  </ExportLanguage>
</control>
