<?xml version="1.0" encoding="utf-8" ?>
<xamlControls 
  xmlns:x="http://www.sitecore.net/xaml"
  xmlns:ajax="http://www.sitecore.net/ajax"
  xmlns:rest="http://www.sitecore.net/rest"
  xmlns:r="http://www.sitecore.net/renderings"
  xmlns:xmlcontrol="http://www.sitecore.net/xmlcontrols"
  xmlns:asp="http://www.sitecore.net/microsoft/webcontrols"
  xmlns:html="http://www.sitecore.net/microsoft/htmlcontrols">

  <Sitecore.Xaml.Tutorials.Pane>
    <x:param name="Header" value="Title"/>

    <div align="center">
      <div align="left" style="width:600px; color:#ffd53a; font:8pt verdana; background:#223b75; border:1px solid #537bac; margin:0px 0px 16px 0px">
        <div style="color:white; font:bold 8pt tahoma; background:#3b598f; padding:4px">
          <Literal runat="server" Text="{Header}" />
        </div>                 

        <div style="padding:4px">
          <Placeholder runat="server" />
        </div>
      </div>
    </div>

  </Sitecore.Xaml.Tutorials.Pane>

  <Sitecore.Xaml.Tutorials.TestCase>
    <div>
      <Placeholder runat="server" />
    </div>
  </Sitecore.Xaml.Tutorials.TestCase>

  <Sitecore.Xaml.Tutorials.Description>
    <div>
      <Placeholder runat="server" />
    </div>
  </Sitecore.Xaml.Tutorials.Description>

  <Sitecore.Xaml.Tutorials.Test>
    <div style="color:white; padding:4px 8px 8px 32px">
      <Placeholder runat="server" />
    </div>
  </Sitecore.Xaml.Tutorials.Test>

  <Sitecore.Xaml.Tutorials.TestPassed>
    Test passed.
  </Sitecore.Xaml.Tutorials.TestPassed>

</xamlControls>
