﻿<?xml version="1.0" encoding="utf-8" ?>
<control xmlns:def="Definition" xmlns="http://schemas.sitecore.net/Visual-Studio-Intellisense">
  <WebDAVMediaBrowser>
    <FormPage>
      <CodeBeside Type="Sitecore.Shell.Applications.WebDAV.Browse.WebDAVMediaBrowserForm,Sitecore.Client"/>

      <DataContext ID="MediaLibraryDataContext" DefaultItem="/" ShowRoot="true"/>

      <Action ID="FoldersAction"/>
      <UpAction ID="UpAction" DataContext="MediaLibraryDataContext"/>

      <ContextMenu ID="ContextMenu">
        <MenuItem Icon="Applications/16x16/folder_up.png" Header="Up" Action="UpAction" Click="OnMoveUp" />
        <MenuDivider/>
        <ListviewViewsMenuItems Listview="MediaExplorer"/>
      </ContextMenu>

      <GridPanel Width="100%" Height="100%">
        <AutoToolbar DataSource="/sitecore/content/Applications/Files/FileExplorer/Toolbar 2"/>
        <Border Height="100%" Width="100%" GridPanel.Height="100%" Background="white">

          <GridPanel ID="Body" Columns="3" Width="100%" Height="100%" Fixed="true" Style="table-layout:fixed">

            <Scrollbox Width="100%" Height="100%" Background="window" Border="none" Padding="0" ContextMenu="show:ContextMenu">

              <DataListview ID="MediaExplorer" DataContext="MediaLibraryDataContext" DblClick="Open" AllowDragging="false">
                <ListviewHeader>
                  <ListviewHeaderItem Name="name" Header="Name"/>
                  <ListviewHeaderItem Name="size" Header="Size"/>
                  <ListviewHeaderItem Name="modified" Header="Date Modified"/>
                </ListviewHeader>
              </DataListview>
            </Scrollbox>

          </GridPanel>

        </Border>

      </GridPanel>
    </FormPage>
  </WebDAVMediaBrowser>
</control>
