<?xml version="1.0" encoding="utf-8" ?>
<control xmlns:def="Definition" xmlns="http://schemas.sitecore.net/Visual-Studio-Intellisense">
  <Dialog>
    <Script Src="/sitecore/shell/Controls/Dialogs.js"/>
    <WebPage def:type="xml" ClientClass="$ClientClass" Background="threedface" FontSize="8pt" FontName="Tahoma">

      <GridPanel Width="100%" Height="100%" Style="background:#E9E9E9; table-layout:fixed">
      
        <Border Width="100%" Height="64">
          <GridPanel Columns="2" Width="100%" Height="100%" Class="scLightBlueGradient" Style="width:100%">
          
            <ThemedImage Src="$Icon" Width="48" Height="48" Margin="2px 16px 2px 16px"/>
            
            <Border Padding="0px 16px 0px 0px" Foreground="white" GridPanel.Width="100%">
              <Border FontSize="10pt" FontName="verdana" FontBold="true">
                <Literal Text="$Header" Padding="0px 0px 4px 0px"/>
              </Border>
              <Border>
                <Literal Text="$Text"/>
              </Border>
            </Border>
            
            <Border Background="#212424" Style="border-left:2px solid #4E4E4E; border-right:2px solid #4E4E4E" GridPanel.ColSpan="2"><Space/></Border>
            
          </GridPanel>
        </Border>

        <def:Placeholder name="Toolbar"/>

        <Space Height="4"/>
        
        <Scrollbox Height="100%" Background='${StringUtil.GetString($ClientBackground, "transparent")}' Border='${StringUtil.GetString($ClientBorder, "none")}' Padding='${MainUtil.GetString($ClientPadding, "4px 16px 4px 16px")}' GridPanel.Align="top" GridPanel.Height="100%">
          <def:Placeholder />
        </Scrollbox>
        
        <Border Padding="0px 16px 0px 16px">
          <hr/>
        </Border>

        <Border Padding="0px 16px 0px 16px">
          <OKCancelButtons OK="$OK" Cancel="$Cancel"/>
        </Border>

      </GridPanel>
    </WebPage>
  </Dialog>
</control>
