<?xml version="1.0" encoding="utf-8" ?>
<control xmlns:def="Definition" xmlns="http://schemas.sitecore.net/Visual-Studio-Intellisense">
  <FormDialog CancelButton="">
    <def:Code><![CDATA[
    
    protected override void OnLoad(EventArgs e) {
      if (CancelButton == "false") {
        CancelSpace.Visible = false;
        Cancel.Visible = false;
      }
    }
    
    ]]></def:Code>
    <Stylesheet Src="Dialogs.css" DeviceDependant="true"/>

    <Script Key="FormDialog">

      scForm.browser.attachEvent(window, "onload", scLoad);

      function scLoad() {
      scForm.browser.attachEvent(document.forms[0], "onsubmit", scSubmit);
      }

      function scSubmit() {
      var ctl = scForm.browser.getControl("OK");

      if (ctl != null) {
      ctl.click();
      }

      return false;
      }

    </Script>

    <FormPage Application="$Application" Background="#e9e9e9" Overflow="true" FormTarget="$FormTarget" Enctype="$Enctype" Submittable='${MainUtil.GetString($Submittable,"true")}'>
      <GridPanel Width="100%" Height="100%" Fixed="true">
      
        <Border Width="100%">
          <GridPanel Columns="2" Width="100%" Background="white">
          
            <ThemedImage Src="$Icon" Width="32" Height="32" Margin="4px 8px 4px 8px" GridPanel.VAlign="top"/>
            
            <Border Padding="2px 16px 0px 0px" GridPanel.Width="100%" GridPanel.VAlign="top">
              <Border Foreground="black" Padding="0px 0px 4px 0px" FontSize="9pt" FontBold="true" FontName="tahoma">
                <Literal Text="$Header"/>
              </Border>
              <Border Foreground="#333333">
                <Literal Text="$Text"/>
              </Border>
            </Border>
            
            <Border Background="#dbdbdb" GridPanel.ColSpan="2"><Space/></Border>
            
          </GridPanel>
        </Border>

        <def:Placeholder name="Toolbar"/>

        <Space Height="4px" GridPanel.Height="4px"/>

        <Scrollbox Height="100%" Background='${StringUtil.GetString($ClientBackground, "transparent")}' 
                   Border='${StringUtil.GetString($ClientBorder, "none")}' Padding="0px" 
                   GridPanel.VAlign="top" GridPanel.Height="100%">
          <GridPanel Width="100%" Height="100%" Class="scDialogContentContainer">
            <def:Placeholder GridPanel.VAlign="top" GridPanel.Height="100%"/>
          </GridPanel>
        </Scrollbox>
        
        <Border Padding="4px 16px 0px 16px" GridPanel.Height="32px">
          
          <Border Float="right" Padding="0px 0px 0px 8px" NoWrap="NoWrap" Height="34">
            <Space Width="4px" />
            <Button ID="OK" Width="76px" Height="23px" Click="#" KeyCode="13">
              <Literal Text='${StringUtil.GetString($OKButton, "OK")}'/>
            </Button>
            <Space def:ID="CancelSpace" Width="4" />
            <Button ID="Cancel" Width="76px" Height="23px" Click="#" KeyCode="27">
              <Literal Text="Cancel"/>
            </Button>
          </Border>
          
          <def:Placeholder name="Buttons"/>
        </Border>

      </GridPanel>
    </FormPage>
  </FormDialog>
</control>
