<?xml version="1.0" encoding="utf-8" ?> 
<control xmlns:def="Definition" xmlns="http://schemas.sitecore.net/Visual-Studio-Intellisense">
  <WizardFormFirstPage def:inherits="Sitecore.Web.UI.Pages.WizardDialogFirstPageXmlControl,Sitecore.Kernel">
    <GridPanel Width="100%" Height="100%" Columns="2">

      <Border Width="164" GridPanel.Style="background:#123960;filter:progid:DXImageTransform.Microsoft.Gradient(GradientType=0, StartColorStr='#123960', EndColorStr='#405E7A')" GridPanel.Height="100%" GridPanel.Width="164" GridPanel.VAlign="bottom" GridPanel.Align="right">
        <Border Align="center" Border="2px solid white" Style="position:absolute;top:8px; left:102px; width:58px; height:58px">
          <ThemedImage Src="$Icon" Height="48" Width="48"/>
        </Border>
        
        <Border Align="right" Width="128px" Height="128px" Style="overflow:hidden; -moz-opacity:0.2; -webkit-opacity:0.2; filter:progid:DXImageTransform.Microsoft.BasicImage(opacity=0.20, grayscale=1);-moz-opacity:0.2; clip: rect(0px 128px 128px 0px)">
          <ThemedImage Src="$Icon" Width="196" Height="196"/>
        </Border>
      </Border>

      <GridPanel Width="100%" Height="100%" GridPanel.VAlign="top" GridPanel.Width="100%">
        <def:Placeholder GridPanel.Class="scWizardWelcomePanel" GridPanel.VAlign="top" GridPanel.Width="100%" GridPanel.Height="100%"/>

        <Border GridPanel.Class="scWizardWelcomePanel">
          <Checkbox ID="Skip" Header="Always skip the first page of wizards"/>
        </Border>
      </GridPanel>
    
    </GridPanel>
  
  </WizardFormFirstPage>
</control>
