<?xml version="1.0" encoding="utf-8" ?> 
<control xmlns:def="Definition" xmlns="http://schemas.sitecore.net/Visual-Studio-Intellisense">
  <Gallery.Favorites>
    <Gallery>
      <CodeBeside Type="Sitecore.Shell.Applications.ContentManager.Galleries.Favorites.GalleryFavoritesForm,Sitecore.Client"/>
      <DataContext ID="FavoritesDataContext"/>
      <GridPanel Width="100%" Height="100%">

        <GalleryMenu ID="Options"/>

        <Scrollbox ID="List"  GridPanel.Height="100%" GridPanel.VAlign="top" Width="100%" Height="100%" Background="#F4F4F5" Padding="0" Border="none">
          <TreeviewEx ID="FavoritesTreeview" DataContext="FavoritesDataContext" Click="FavoritesTreeview_Click" />
        </Scrollbox>

        <Gallery.Grip/>
      </GridPanel>

    </Gallery>
  </Gallery.Favorites>
</control>
