<?xml version="1.0" encoding="utf-8" ?>
<xamlControls
  xmlns:x="http://www.sitecore.net/xaml"
  xmlns:ajax="http://www.sitecore.net/ajax"
  xmlns:rest="http://www.sitecore.net/rest"
  xmlns:javascript="http://www.sitecore.net/javascript"
  xmlns:r="http://www.sitecore.net/renderings"
  xmlns:xmlcontrol="http://www.sitecore.net/xmlcontrols"
  xmlns:p="http://schemas.sitecore.net/Visual-Studio-Intellisense"
  xmlns:asp="http://www.sitecore.net/microsoft/webcontrols"
  xmlns:html="http://www.sitecore.net/microsoft/htmlcontrols"
  xmlns:xsl="http://www.w3.org/1999/XSL/Transform">

  <Sitecore.Shell.Applications.Analytics.ReferringSiteClassification x:inherits="Sitecore.sitecore.shell.Applications.Analytics.ReferringSiteClassification.ReferringSiteClassificationPage,Sitecore.Client">
    <Sitecore.Controls.DialogPage runat="server" Header="Referring Site Classification" Text="Classify the referring site according to traffic type." Icon="Network/16x16/shield1.png">
      <x:using namespace="Sitecore.Controls" />
      <AjaxScriptManager runat="server"/>
      <ContinuationManager runat="server" />     

      <GridPanel runat="server" >
        <Border runat="server" id="Panel" >
          <table>
            <tr>
              <td>
                <div style="margin-right:10px;margin-top:10px;">
                  <asp:Literal ID="ReferringSitesLiteral" runat="server">Change the traffic type for the referring site {0} where it is currently classified as {1}</asp:Literal>
                </div>
              </td>
            </tr>
          </table>
          <table>
            <tr>
              <td >
                <div style="margin-right:10px;margin-top:10px;" >
                  <asp:Literal ID="TrafficTypesLiteral" runat="server">New traffic type:</asp:Literal>
                </div>
              </td>
              <td>
                <div style="margin-top:10px;" >
                  <asp:DropDownList runat="server" ID="TrafficTypesList" Width="380px" />
                </div>
              </td>
            </tr>
          </table>
        </Border>
      </GridPanel>

    </Sitecore.Controls.DialogPage>
  </Sitecore.Shell.Applications.Analytics.ReferringSiteClassification>
</xamlControls>
