<?xml version="1.0" encoding="utf-8" ?>
<xamlControls
  xmlns:x="http://www.sitecore.net/xaml"
  xmlns:ajax="http://www.sitecore.net/ajax"
  xmlns:rest="http://www.sitecore.net/rest"
  xmlns:javascript="http://www.sitecore.net/javascript"
  xmlns:r="http://www.sitecore.net/renderings"
  xmlns:xmlcontrol="http://www.sitecore.net/xmlcontrols"
  xmlns:p="http://schemas.sitecore.net/Visual-Studio-Intellisense"
  xmlns:asp="http://www.sitecore.net/microsoft/webcontrols"
  xmlns:html="http://www.sitecore.net/microsoft/htmlcontrols"
  xmlns:xsl="http://www.w3.org/1999/XSL/Transform">

  <Sitecore.Shell.Applications.Analytics.Status x:inherits="Sitecore.Shell.Applications.Analytics.Status.StatusPage,Sitecore.Client">
    <Sitecore.Controls.HtmlPage runat="server" Overflow="hidden">
      <AjaxScriptManager runat="server"/>
      <ContinuationManager runat="server" />

      <GridPanel runat="server" Width="100%" Height="100%" Fixed="true" Background="#e9e9e9">

        <Border runat="server" Width="100%">
          <GridPanel runat="server" Columns="2" Width="100%" Height="100%" Background="white">

            <ThemedImage runat="server" Src="People/16x16/trafficlight_on.png" Width="32" Height="32" Margin="4px 8px 4px 8px" GridPanel.VAlign="top"/>

            <Border runat="server" Padding="2px 16px 0px 0px" GridPanel.Width="100%" GridPanel.VAlign="top">
              <div style="color:black;padding:0px 0px 4px 0px;font:bold 9pt tahoma">
                <Literal runat="server" Text="Analytics Status Information"/>
              </div>

              <div style="color:#333333">
                <Literal runat="server" Text="Displays the current status."/>
              </div>
            </Border>

          </GridPanel>
        </Border>

        <div style="background:#dbdbdb">
          <img src="/sitecore/images/blank.gif" width="1" height="1" alt="" border="0" />
        </div>

        <Placeholder runat="server" Key="Toolbar"/>

        <Space runat="server" Height="4px" GridPanel.Height="4px"/>

        <GridPanel runat="server" Width="100%" Height="100%" Style="table-layout:fixed;padding:0px 8px 8px 8px" GridPanel.Height="100%">
          <Scrollbox runat="server" Height="100%" Background="window" GridPanel.VAlign="top" GridPanel.Height="100%">
            <GridPanel runat="server" Width="100%" Height="100%" Style="table-layout:fixed">
              <Border ID="StatusTable" runat="server" GridPanel.Valign="top" />
              </GridPanel>
        </Scrollbox>
        </GridPanel>

      </GridPanel>

    </Sitecore.Controls.HtmlPage>
  </Sitecore.Shell.Applications.Analytics.Status>
</xamlControls>
