<?xml version="1.0" encoding="utf-8" ?>
<control xmlns:def="Definition" xmlns="http://schemas.sitecore.net/Visual-Studio-Intellisense">
  <OrganizeFavorites>
    <FormDialog Icon="Applications/32x32/star_yellow.png" 
      Header="Organize Favorites" 
      Text="You can organize your favorites here. When done, click the Close button."
      OKButton="Close" CancelButton="false">
        
      <CodeBeside Type="Sitecore.Shell.Applications.Dialogs.OrganizeFavorites.OrganizeFavoritesForm,Sitecore.Client"/>
      
      <DataContext ID="DataContext"/>

      <GridPanel Columns="3" Width="100%" Height="100%">
      
        <Scrollbox Height="100%" GridPanel.Width="100%" GridPanel.Height="100%" GridPanel.VAlign="top">
          <TreeviewEx ID="Treeview" DataContext="DataContext" ShowRoot="false"/>
        </Scrollbox>

        <Space Width="8px" GridPanel.Width="8px"/>
        
        <Border GridPanel.VAlign="top">
          <Border Padding="0px 0px 4px 0px">
            <Button Header="New Folder" Click="item:newfolder"/>
          </Border>
          <Border Padding="0px 0px 4px 0px">
            <Button Header="Rename" Click="Rename"/>
          </Border>
          <Border Padding="0px 0px 8px 0px">
            <Button Header="Delete" Click="Delete"/>
          </Border>

          <Border Padding="0px 0px 4px 0px">
            <Button Header="Move Up" Click="MoveUp"/>
          </Border>
          <Border Padding="0px 0px 4px 0px">
            <Button Header="Move Down" Click="MoveDown"/>
          </Border>
        </Border>

      </GridPanel>
      
    </FormDialog>
  </OrganizeFavorites>
</control>
