﻿<?xml version="1.0" encoding="utf-8" ?>
<control xmlns:def="Definition" xmlns="http://schemas.sitecore.net/Visual-Studio-Intellisense">
  <Sitecore.Shell.Applications.Dialogs.SelectRenderingDatasource>
    <FormDialog ID="Dialog" Icon="" Header="" Text="" OKButton="Select">
      <Stylesheet>
        button#Create
        {
          float:right;
          margin-right:-12px;
        }

        div.radioButtonContainer
        {
          padding: 10px;
        }

        div.radioButtonContainer label
        {
          font-weight: bold;
          color: #333333;
        }

        table.scDialogContentContainer
        {
          padding: 0px 4px;
        }
        
        .scInformationText
        {
          color: #333333;
          font-style: italic;
        }        
      </Stylesheet>

      <Script Key="DatasourceDialog"> 
        function GetUpdatedPath(oldPath, name) {
          var idx = oldPath.lastIndexOf("/");
          if (idx == -1) {
            return oldPath;
          }
          
          return oldPath.slice(0,idx) + "/" + name;
        }

        Event.observe(window, "load", function() {
          $(document.forms[0]).observe("submit", function(e) {
            e.stop();
            
            createButton = $("Create");
            if (createButton) {
              createButton.click();
            }
          });

          var datasourceName = $("NewDatasourceName");
          var information = $("Information");           
          if (datasourceName) {
            if (information == null) return;
            window.savedDatasourceName = datasourceName.value;
            datasourceName.observe("keyup", function(e) {              
              if (datasourceName.value != window.savedDatasourceName) {
                var value = datasourceName.value;
                window.savedDatasourceName = value;
                information.innerHTML = GetUpdatedPath(information.innerHTML, value);
                information.title =  GetUpdatedPath(information.title, value);
              }
            });
          }
        });      
      </Script>
      <CodeBeside Type="Sitecore.Shell.Applications.Dialogs.SelectRenderingDatasource.SelectRenderingDatasourceForm,Sitecore.Client"/>

      <DataContext ID="DataContext" Root="/"/>      
        <GridPanel Width="100%" Height="100%" Columns="3" GridPanel.Height="100%" Style="table-layout:fixed">

          <Scrollbox Width="100%" ID="TreeviewContainer" Height="100%" Class="scScrollbox scFixSize" Background="white" Padding="0px" GridPanel.Width="40%" GridPanel.Height="100%">
            <TreeviewEx ID="Treeview" DataContext="DataContext" ShowRoot="true" Click="Treeview_Click" />
          </Scrollbox>
          
          <Border Height="100%">
          <GridPanel Width="100%">
            <div class="radioButtonContainer"  style="padding-bottom:0;">
              <Radiobutton Name="datasourceOption" Header="Select an existing item" Checked="true" ID="SelectExistingRadio" Click="SelectExistingClick" />
              <GridPanel Width="100%" Columns="2">
                <Space Width="21px" Height="30px"  />
                <Literal ID="ItemName" GridPanel.Valign="top" GridPanel.Style="padding-top:4px;" GridPanel.Width="100%" Width="95%"></Literal>
              </GridPanel>
            </div>

            <div Class="radioButtonContainer" Style="padding-top:16px">
              <Radiobutton Name="datasourceOption" Header="Create a new datasource item" ID="CreateNewRadio" Click="CreateNewClick" />
              
              <GridPanel Width="100%" Columns="2">
                <Space Width="21px" Height="20px" />
                <Literal ID="NameText" Text="Name:" GridPanel.Width="100%" />
                <Space Width="21px" />
                <Edit ID="NewDatasourceName" Width="95%" GridPanel.Width="100%" />               
                <Space Width="21px" />
                <Border Width="95%" GridPanel.Width="100%" GridPanel.Height="100%" GridPanel.VAlign="top" GridPanel.Style="padding-top:3px;">
                  <Literal Style="padding-left:1px;" ID="Information" />
                </Border>             
              </GridPanel>              
            </div>            
          </GridPanel>
          </Border>
        </GridPanel>

      <Button ID="Create" Header="Create" Visible="false" KeyCode="13" Click="#" def:placeholder="Buttons" />       
    </FormDialog>
  </Sitecore.Shell.Applications.Dialogs.SelectRenderingDatasource>
</control>