<?xml version="1.0" encoding="UTF-8" ?>
<xamlControls 
  xmlns:x="http://www.sitecore.net/xaml"
  xmlns:ajax="http://www.sitecore.net/ajax"
  xmlns:rest="http://www.sitecore.net/rest"
  xmlns:javascript="http://www.sitecore.net/javascript"
  xmlns:r="http://www.sitecore.net/renderings"
  xmlns:xmlcontrol="http://www.sitecore.net/xmlcontrols"
  xmlns:p="http://schemas.sitecore.net/Visual-Studio-Intellisense"
  xmlns:asp="http://www.sitecore.net/microsoft/webcontrols"
  xmlns:html="http://www.sitecore.net/microsoft/htmlcontrols"
  xmlns:xsl="http://www.w3.org/1999/XSL/Transform">

  <Sitecore.Shell.Applications.WebEdit.Dialogs.LockedItems x:inherits="Sitecore.Shell.Applications.WebEdit.Dialogs.LockedItems.LockedItemsPage,Sitecore.Client">
    <Sitecore.Controls.ModalDialogPage Header="My Items" Icon="People/32x32/users2.png" Text="Views the items that are locked by you." runat="server">
      <x:register assembly="ComponentArt.Web.UI" namespace="ComponentArt.Web.UI"/>    
      <Stylesheet Src="Grid.css" DeviceDependant="true" runat="server" />
      <style>
        .UnlockButtons button
        {
          white-space:nowrap;
        }

        .DataArea
        {
          background-color: #FFFFFF;
        }        
      </style>
      <Script runat="server" Src="/sitecore/shell/controls/Sitecore.Runtime.js" />
      <Script runat="server">
        function OnResize() {
        var doc = $(document.documentElement);
        var grid = $("GridContainer");

        grid.style.height = doc.getHeight() - 115 + 'px';

        Items.render();

        /* re-render again after some "magic amount of time" - without this second re-render grid doesn't pick correct width sometimes */
        setTimeout("Items.render()", 150);
        }

        window.onresize = OnResize;

        scForm.browser.attachEvent(window, "onload", function() { Sitecore.UI.alignButtons($$(".UnlockButtons BUTTON")) });
      </Script>
      
      <AjaxScriptManager runat="server"/>
      <ContinuationManager runat="server" />

      <GridPanel Height="100%" Width="100%" runat="server" id="MainPanel">

        <Border ID="GridContainer" runat="server" Height="100%" Width="100%"  GridPanel.Height="100%" GridPanel.VAlign="top">
          <Grid id="Items"
            RunningMode="Callback"
            CssClass="Grid"
            FillContainer="true"
            ShowHeader="true"
            HeaderCssClass="GridHeader"
            AutoFocusSearchBox="false"
            DataAreaCssClass="DataArea"
            FooterCssClass="GridFooter"

            GroupByCssClass="GroupByCell"
            GroupByTextCssClass="GroupByText"
            GroupBySortAscendingImageUrl="group_asc.gif"
            GroupBySortDescendingImageUrl="group_desc.gif"
            GroupBySortImageWidth="10"
            GroupBySortImageHeight="10"

            GroupingNotificationTextCssClass="GridHeaderText"
            GroupingPageSize="5"
            
            PagerStyle="Slider"
            PagerTextCssClass="GridFooterText"
      	    PagerButtonWidth="41"
      	    PagerButtonHeight="22"
            PagerImagesFolderUrl="/sitecore/shell/themes/standard/componentart/grid/pager/"
            
            ShowSearchBox="true"
            SearchTextCssClass="GridHeaderText"
            SearchBoxCssClass="SearchBox"
      	    
            SliderHeight="20"
            SliderWidth="150"
            SliderGripWidth="9"
            SliderPopupOffsetX="20"
            SliderPopupClientTemplateId="SliderTemplate"
            
            TreeLineImagesFolderUrl="/sitecore/shell/themes/standard/componentart/grid/lines/"
            TreeLineImageWidth="22"
            TreeLineImageHeight="19"
            
            PreExpandOnGroup="false"
            ImagesBaseUrl="/sitecore/shell/themes/standard/componentart/grid/"
            IndentCellWidth="22"

            LoadingPanelClientTemplateId="LoadingFeedbackTemplate"
            LoadingPanelPosition="MiddleCenter"
            
            Width="100%" Height="100%" runat="server">

            <Levels>
              <GridLevel                   
                DataKeyField="ID"
                ShowTableHeading="false"       
                ShowSelectorCells="false"
                RowCssClass="Row"
                ColumnReorderIndicatorImageUrl="reorder.gif"
                DataCellCssClass="DataCell"
                HeadingCellCssClass="HeadingCell"
                HeadingCellHoverCssClass="HeadingCellHover"
                HeadingCellActiveCssClass="HeadingCellActive"
                HeadingRowCssClass="HeadingRow"
                HeadingTextCssClass="HeadingCellText"
                SelectedRowCssClass="SelectedRow"
                GroupHeadingCssClass="GroupHeading"
                SortAscendingImageUrl="asc.gif"
                SortDescendingImageUrl="desc.gif"
                SortImageWidth="13"
                SortImageHeight="13" runat="server">
                <Columns runat="server">
                  <GridColumn DataField="ID" Visible="false" runat="server"/>
                  <GridColumn DataField="Name" Visible="true" AllowGrouping="true" IsSearchable="true" SortedDataCellCssClass="SortedDataCell" HeadingText="Name" runat="server" />
                  <GridColumn DataField="Paths.Path" Visible="true" AllowGrouping="true" IsSearchable="true" SortedDataCellCssClass="SortedDataCell" HeadingText="Path" runat="server" />
                </Columns>
              </GridLevel>
            </Levels>                       

            <ClientTemplates>
              <ClientTemplate Id="LocalNameTemplate" runat="server">
                ## DataItem.GetMember('Name').Value ##
              </ClientTemplate>

              <ClientTemplate Id="LoadingFeedbackTemplate" runat="server">
                <table cellspacing="0" cellpadding="0" border="0">
                  <tr>
                    <td style="font-size:10px;">
                      <Literal Text="Loading..." runat="server" />;
                    </td>
                    <td>
                      <img src="/sitecore/shell/themes/standard/componentart/grid/spinner.gif" width="16" height="16" border="0" />
                    </td>
                  </tr>
                </table>
              </ClientTemplate>

              <ClientTemplate Id="SliderTemplate" runat="server">
                <table class="SliderPopup" cellspacing="0" cellpadding="0" border="0">
                  <tr>
                    <td>
                      <div style="padding:4px;font:8pt tahoma;white-space:nowrap;overflow:hidden">## DataItem.GetMember('Name').Value ##</div>
                    </td>
                  </tr>
                  <tr>
                    <td style="height:14px;background-color:#666666;padding:1px 8px 1px 8px;color:white">
                      ## DataItem.PageIndex + 1 ## / ## Users.PageCount ##
                    </td>
                  </tr>
                </table>
              </ClientTemplate>
            </ClientTemplates>
          </Grid>          
        </Border>

        <Border runat="server" class="UnlockButtons">
          <Button Header="Unlock" runat="server" Margin="0px 8px 0px 0px" Click="webedit:unlock"/>
          <Button Header="Unlock All" Margin="0px 16px 0px 0px" runat="server" Click="webedit:unlockall" />
        </Border>

      </GridPanel>
      
    </Sitecore.Controls.ModalDialogPage>
  </Sitecore.Shell.Applications.WebEdit.Dialogs.LockedItems>

</xamlControls>
                           