﻿<?xml version="1.0" encoding="utf-8" ?>
<xamlControls
  xmlns:x="http://www.sitecore.net/xaml"
  xmlns:ajax="http://www.sitecore.net/ajax"
  xmlns:rest="http://www.sitecore.net/rest"
  xmlns:javascript="http://www.sitecore.net/javascript"
  xmlns:r="http://www.sitecore.net/renderings"
  xmlns:xmlcontrol="http://www.sitecore.net/xmlcontrols"
  xmlns:p="http://schemas.sitecore.net/Visual-Studio-Intellisense"
  xmlns:asp="http://www.sitecore.net/microsoft/webcontrols"
  xmlns:html="http://www.sitecore.net/microsoft/htmlcontrols"
  xmlns:xsl="http://www.w3.org/1999/XSL/Transform">

  <Installer.AddSecuritySourceDialog x:inherits="Sitecore.Shell.Applications.Install.Dialogs.AddSecuritySourceDialog,Sitecore.Client">
    <x:register assembly="ComponentArt.Web.UI" namespace="ComponentArt.Web.UI"/>
    <x:using runat="server" namespace="Sitecore.Controls" />

    <Stylesheet Src="Grid.css" DeviceDependant="true" runat="server" />

    <Script runat="server" Type="text/JavaScript" Language="javascript">
      //<![CDATA[
       function Users_onItemSelect(sender, eventArgs) {
          update();
       }

       function update() {
         var users = Users.getSelectedItems();
         var value = "";
         
         for(var n = 0; n < users.length; n++) {
           if (n > 0) {
             value += "|";
           }

           value += users[n].GetMember('scGridID').Value.decodeId();
           value += "^" + (users[n].GetMember('AccountType').Value == '1' ? 'Role' : 'User');
         }

         document.getElementById("ToBeRemoved").value = value;
       }
      //]]>
    </Script>

    <Sitecore.Xaml.Wizard.Form runat="server" Title="Package Designer">
      <x:using runat="server" namespace="Sitecore.Xaml.Wizard" />

      <Page runat="server" 
                                 ID="SelectAccounts" 
                                 Header="Select Users" 
                                 Text="Select the users that you want to include. Click Next to continue." 
                                 Icon="People/32x32/User1.png">
        <PageIndent runat="server">
          <input id="ToBeRemoved" name="ToBeRemoved"  type="hidden" />
          <GridPanel Width="100%" runat="server" Height="100%">
            <Border runat="server" GridPanel.Height="100%" Height="100%">
              <Grid id="Users"
                RunningMode="Callback"
                CssClass="Grid"

                ShowHeader="true"
                HeaderCssClass="GridHeader"
            
                FooterCssClass="GridFooter"
                    
                GroupByText = ""
                GroupingNotificationText = ""
                GroupByCssClass="GroupByCell"
                GroupByTextCssClass="GroupByText"
                GroupBySortAscendingImageUrl="group_asc.gif"
                GroupBySortDescendingImageUrl="group_desc.gif"
                GroupBySortImageWidth="10"
                GroupBySortImageHeight="10"

                GroupingNotificationTextCssClass="GridHeaderText"
                GroupingPageSize="5"
            
                PagerStyle="Slider"
                PagerTextCssClass="GridFooterText"
                PagerButtonWidth="41"
                PagerButtonHeight="22"
                PagerImagesFolderUrl="/sitecore/shell/themes/standard/componentart/grid/pager/"
            
                ShowSearchBox="true"
                SearchTextCssClass="GridHeaderText"
                SearchBoxCssClass="SearchBox"
      	    
                SliderHeight="20"
                SliderWidth="150"
                SliderGripWidth="9"
                SliderPopupOffsetX="20"
                SliderPopupClientTemplateId="SliderTemplate"
            
                TreeLineImagesFolderUrl="/sitecore/shell/themes/standard/componentart/grid/lines/"
                TreeLineImageWidth="22"
                TreeLineImageHeight="19"
            
                PreExpandOnGroup="false"
                ImagesBaseUrl="/sitecore/shell/themes/standard/componentart/grid/"
                IndentCellWidth="22"

                LoadingPanelClientTemplateId="LoadingFeedbackTemplate"
                LoadingPanelPosition="MiddleCenter"
            
                Height="100%" runat="server">

                <Levels>
                  <GridLevel
                    DataKeyField="scGridID"
                    ShowTableHeading="false"
                    ShowSelectorCells="false"
                    RowCssClass="Row"
                    ColumnReorderIndicatorImageUrl="reorder.gif"
                    DataCellCssClass="DataCell"
                    HeadingCellCssClass="HeadingCell"
                    HeadingCellHoverCssClass="HeadingCellHover"
                    HeadingCellActiveCssClass="HeadingCellActive"
                    HeadingRowCssClass="HeadingRow"
                    HeadingTextCssClass="HeadingCellText"
                    SelectedRowCssClass="SelectedRow"
                    GroupHeadingCssClass="GroupHeading"
                    SortAscendingImageUrl="asc.gif"
                    SortDescendingImageUrl="desc.gif"
                    SortImageWidth="13"
                    SortImageHeight="13" runat="server">
                    <Columns runat="server">
                      <GridColumn DataField="scGridID" Visible="false" runat="server"/>
                      <GridColumn DataField="AccountType" Visible="false" runat="server"/>
                      <GridColumn DataField="Domain" AllowSorting="false" IsSearchable="false" AllowGrouping="false" SortedDataCellCssClass="SortedDataCell" HeadingText="Domain" runat="server" />
                      <GridColumn DataField="LocalName" AllowSorting="false" IsSearchable="true" AllowGrouping="false" SortedDataCellCssClass="SortedDataCell" HeadingText="Local Name" runat="server" />
                      <GridColumn DataField="Name" AllowSorting="false" IsSearchable="false" AllowGrouping="false" SortedDataCellCssClass="SortedDataCell" HeadingText="Full Name" runat="server" />
                      <GridColumn DataField="Description" AllowSorting="false" IsSearchable="false" AllowGrouping="false" SortedDataCellCssClass="SortedDataCell" HeadingText="Comment" runat="server" />
                      <GridColumn DataField="DisplayName" Visible="false" runat="server" />
                      <GridColumn DataField="Email" AllowSorting="false" IsSearchable="false" AllowGrouping="false" SortedDataCellCssClass="SortedDataCell" HeadingText="Email" runat="server" />
                    </Columns>
                  </GridLevel>
                </Levels>

                <ClientTemplates>
                  <ClientTemplate Id="LoadingFeedbackTemplate" runat="server">
                    <table cellspacing="0" cellpadding="0" border="0">
                      <tr>
                        <td style="font-size:10px;">
                          <Literal Text="Loading..." runat="server" />;
                        </td>
                        <td>
                          <img src="/sitecore/shell/themes/standard/componentart/grid/spinner.gif" width="16" height="16" border="0" />
                        </td>
                      </tr>
                    </table>
                  </ClientTemplate>

                  <ClientTemplate Id="SliderTemplate" runat="server">
                    <table class="SliderPopup" cellspacing="0" cellpadding="0" border="0">
                      <tr>
                        <td>
                          <div style="padding:4px;font:8pt tahoma;white-space:nowrap;overflow:hidden">## DataItem.GetMember('DisplayName').Value ##</div>
                        </td>
                      </tr>
                      <tr>
                        <td style="height:14px;background-color:#666666;padding:1px 8px 1px 8px;color:white">
                          ## DataItem.PageIndex + 1 ## / ## Users.PageCount ##
                        </td>
                      </tr>
                    </table>
                  </ClientTemplate>
                </ClientTemplates>
              </Grid>
            </Border>
            <Border runat="server">
              <Button Header="Add" ID="Add" Click="AddAccounts()" runat="server" />
              <Button Header="Remove" ID="Remove" Click="RemoveAccounts()" runat="server" />
            </Border>
          </GridPanel>
        </PageIndent>
      </Page>
      <Page runat="server"
                                 ID="LastPage"
                                 Header="Select Users"
                                 Text="Enter the name of the source"
                                 Icon="People/32x32/User1.png">
        <PageIndent runat="server">
          <Border runat="server">
            <Label runat="server" Header="Source name:"/>
            <asp:TextBox ID="NameEdit" Width="100%" runat="server"/>
          </Border>
        </PageIndent>
      </Page>
    </Sitecore.Xaml.Wizard.Form>
    
  </Installer.AddSecuritySourceDialog>
</xamlControls>