<?xml version="1.0" encoding="utf-8" ?> 
<control xmlns:def="Definition" xmlns="http://schemas.sitecore.net/Visual-Studio-Intellisense">
  <WebEditMenuPage>
    <FormPage Background="transparent">
      <Stylesheet Src="Sidebar.css"/>
      <Stylesheet Src="/sitecore/portal/tech/tech.css"/>

      <Script Src="/sitecore/shell/Controls/SitecoreSidebar.js"/>
      <Script Src="/sitecore/shell/Applications/WebEdit/webedit.js"/>

      <CodeBeside Type="Sitecore.Shell.Applications.WebEdit.WebEditMenuPageForm,Sitecore.Client"/>

      <SidebarPortal PortalID="WebEditPortal" PortalDataSource="/sitecore/content/Applications/WebEdit/Portal"/>
 
    </FormPage>
  </WebEditMenuPage>
</control>
