<?xml version="1.0" encoding="utf-8" ?> 
<control xmlns:def="Definition" xmlns="http://schemas.sitecore.net/Visual-Studio-Intellisense" xmlns:shell="http://www.sitecore.net/shell">
  <Gallery.Users>
    <Gallery>
      <CodeBeside Type="Sitecore.Shell.Applications.ContentManager.Galleries.Users.GalleryUsersForm,Sitecore.Client"/>

      <GridPanel Width="100%" Height="100%">

        <MenuHeader Header="Recent"/>

        <Scrollbox ID="Options" Height="100%" Padding="0px" Border="none" Background="transparent" GridPanel.Height="100%" />

        <Gallery.Grip GridPanel.Height="10"/>

      </GridPanel>

    </Gallery>
  </Gallery.Users>
</control>
