<?xml version="1.0" encoding="utf-8" ?>
<control xmlns:def="Definition" xmlns="http://schemas.sitecore.net/Visual-Studio-Intellisense">
  <AnchorLink>
    <FormDialog Icon="People/32x32/target.png" 
      Header="Insert a link to an anchor" 
      Text="Please specify the name of the anchor, e.g. #header1, and any additional properties. When done, click the OK button."
      OKButton="OK">

      <CodeBeside Type="Sitecore.Shell.Applications.Dialogs.AnchorLink.AnchorLinkForm,Sitecore.Client"/>
        
      <GridPanel CellPadding="2" Columns="2" Width="100%">
        <Label For="Text" GridPanel.NoWrap="true"><Literal Text="Link description:"/></Label>
        <Edit ID="Text" Width="100%" GridPanel.Width="100%"/>
        
        <Label For="Url" GridPanel.NoWrap="true"><Literal Text="Anchor:"/></Label>
        <Edit ID="Url" Width="100%" />

        <Label For="Class" GridPanel.NoWrap="true"><Literal Text="Style class:" /></Label>
        <Edit ID="Class" Width="100%" />
        
        <Label for="Title" GridPanel.NoWrap="true"><Literal Text="Alternate text:"/></Label>
        <Edit ID="Title" Width="100%" />
      </GridPanel>
        
    </FormDialog>
  </AnchorLink>
</control>
