<?xml version="1.0" encoding="utf-8" ?> 
<control xmlns:def="Definition" xmlns="http://schemas.sitecore.net/Visual-Studio-Intellisense" xmlns:shell="http://www.sitecore.net/shell">
  <Gallery.Icons>
    <Gallery>
      <Stylesheet Src="Content Manager.css" DeviceDependant="true"/>

      <CodeBeside Type="Sitecore.Shell.Applications.ContentManager.Galleries.Icons.GalleryIconsForm,Sitecore.Client"/>

      <GridPanel ID="Grid" Width="100%" Height="100%">

        <GalleryMenu GridPanel.Height="100%" GridPanel.VAlign="top" >
          
          <MenuPanel Height="100%">
            <Scrollbox ID="Icons" Height="100%" Background="#F4F4F5" Padding="0" Border="none"/>
          </MenuPanel>

          <MenuLine/>

          <MenuItem Header="More Icons" Icon="Core2/16x16/smiley_face2.png" Click="item:selecticon"/>

        </GalleryMenu>

        <MenuLine/>

        <Gallery.Grip/>

      </GridPanel>
      
    </Gallery>
  </Gallery.Icons>
</control>
