<?xml version="1.0" encoding="utf-8" ?> 
<control xmlns:def="Definition" xmlns="http://schemas.sitecore.net/Visual-Studio-Intellisense" xmlns:shell="http://www.sitecore.net/shell">
  <Gallery.Domains>
    <Gallery>
      <CodeBeside Type="Sitecore.Shell.Applications.ContentManager.Galleries.Domains.GalleryDomainsForm,Sitecore.Client"/>

      <GridPanel Width="100%" Height="100%">

        <Scrollbox Height="100%" Padding="0px" Border="none" Background="transparent" GridPanel.Height="100%">
          <GalleryMenu ID="Options"/>
        </Scrollbox>

        <MenuLine/>

        <Gallery.Grip/>

      </GridPanel>

    </Gallery>
  </Gallery.Domains>
</control>
