<?xml version="1.0" encoding="utf-8" ?>
<control xmlns:def="Definition" xmlns="http://schemas.sitecore.net/Visual-Studio-Intellisense">
  <CopyTo>
    <FormDialog Icon="Core3/24x24/Copy_To_Folder.png" Header="Copy Item To" 
      Text="Select the location where you want to copy the item to." OKButton="Copy">

      <CodeBeside Type="Sitecore.Shell.Applications.Dialogs.CopyTo.CopyToForm,Sitecore.Client"/>

      <DataContext ID="DataContext" Root="/"/>

      <GridPanel Width="100%" Height="100%" Style="table-layout:fixed">
        <Scrollbox Height="100%" Class="scScrollbox scFixSize scFixSize4 scInsetBorder" Background="white" Padding="0px" GridPanel.Height="100%">
          <TreeviewEx ID="Treeview" DataContext="DataContext" Click="SelectTreeNode" ContextMenu='Treeview.GetContextMenu("contextmenu")' />
        </Scrollbox>

        <Border Padding="4px 0px 4px 0px">
          <GridPanel Width="100%" Columns="2">

            <Border Padding="0px 4px 0px 0px">
              <Literal Text="Name:"/>
            </Border>

            <Edit ID="Filename" Width="100%" GridPanel.Width="100%"/>
          </GridPanel>
        </Border>

      </GridPanel>

    </FormDialog>
  </CopyTo>
</control>
