<?xml version="1.0" encoding="utf-8" ?>
<control xmlns:def="Definition" xmlns="http://schemas.sitecore.net/Visual-Studio-Intellisense">
  <ResetFields>
    <FormDialog Icon="Control/32x32/edit_b.png" Header="Reset Fields" Text="You can reset fields to their standard values. The left-hand column contains the current values. The right-hand column contains the standard values." OKButton="Reset">
      <CodeBeside Type="Sitecore.Shell.Applications.ContentManager.Dialogs.ResetFields.ResetFieldsForm,Sitecore.Client"/>
      <Stylesheet Src="Content Manager.css" DeviceDependant="true"/>
      <Script Src="/sitecore/shell/Applications/Content Manager/Content Editor.js"/>

      <input type="hidden" id="scSections" name="scSections" />
      
      <Border ID="Fields" Background="white"/>  
      
    </FormDialog>
  </ResetFields>
</control>
