﻿<?xml version="1.0" encoding="UTF-8" ?>
<xamlControls
  xmlns:x="http://www.sitecore.net/xaml"
  xmlns:ajax="http://www.sitecore.net/ajax"
  xmlns:rest="http://www.sitecore.net/rest"
  xmlns:javascript="http://www.sitecore.net/javascript"
  xmlns:r="http://www.sitecore.net/renderings"
  xmlns:xmlcontrol="http://www.sitecore.net/xmlcontrols"
  xmlns:p="http://schemas.sitecore.net/Visual-Studio-Intellisense"
  xmlns:asp="http://www.sitecore.net/microsoft/webcontrols"
  xmlns:html="http://www.sitecore.net/microsoft/htmlcontrols"
  xmlns:xsl="http://www.w3.org/1999/XSL/Transform">

  <Sitecore.Shell.Applications.FlashUpload.Simple x:inherits="Sitecore.Shell.Applications.FlashUpload.Simple.SimpleUploadPage,Sitecore.Client">

    <Sitecore.Controls.DialogPage Header="Upload a File" Icon="Business/32x32/Paperclip.png" Text="Select a file. When done click the Upload button." OKButton="Upload" runat="server">
      <AjaxScriptManager runat="server"/>
      <ContinuationManager runat="server" />

      <Script runat="server" Src="/sitecore/shell/controls/lib/YUIupload/yahoo-dom-event/yahoo-dom-event.js" />
      <Script runat="server" Src="/sitecore/shell/controls/lib/YUIupload/element/element-beta-min.js" />
      <Script runat="server" Src="/sitecore/shell/controls/lib/YUIupload/uploader/uploader-experimental-min.js" />

      <Script runat="server" Src="/sitecore/shell/applications/flashupload/simple/SimpleUpload.js" />

      <Style runat="server">
        .filename {
          height: 22px;
          width: 100%;
          border: solid 1px #969696;
          background: white;
          margin-right: 4px;
          position: relative;
        }
        
        #FilenameText {
          padding: 2px;
          padding-left: 4px;
          display: block;
        }
        
        .ff #FilenameText {
          padding-top: 4px;
          position: relative;
          z-index: 2;
        }
        
        .progress {
          width: 0%;
          height: 20px;
          position: absolute;
          background: #eaeaea;
          z-index: -1;
        }
        
        .ff .progress {
          z-index: 1;
          height: 22px;
        }
        
        .ff .progressImage {
          position: relative;
          z-index: 3;
        }
        
        #Browse {
          margin-left: 4px;
        }
      </Style>

      <html:HtmlInputHidden class="uploadID" id="InputUploadID" runat="server" />
      <html:HtmlInputHidden class="uploadSessionID" id="UploadSessionID" runat="server" />

      <GridPanel runat="server" Width="100%">
        <Literal runat="server" Text="Filename:" />

        <GridPanel runat="server" Columns="2" Width="100%">
          <Border runat="server" class="filename" GridPanel.Width="100%">
            <Border runat="server" class="progress" />
            <ThemedImage runat="server" Src="People/16x16/clock.png" class="progressImage" style="position: absolute; right: 2px; top: 2px; display: none" />
            <ThemedImage runat="server" Src="Applications/16x16/check2.png" class="doneImage" style="position: absolute; right: 2px; top: 2px; display: none" />

            <span id="FilenameText"></span>
          </Border>
          
          <Border runat="server" id="BrowseContainer" GridPanel.Width="72px" style="position:relative">
            <Button runat="server" Header="Browse" ID="Browse" style="z-index:1"/>
            <div id="BrowseOverlay" style="width:72px;height:22px;position:absolute;top:1;left:6;z-index:2" />
          </Border>
        </GridPanel>

        <Literal runat="server" ID="Message" />
      </GridPanel>

    </Sitecore.Controls.DialogPage>
  </Sitecore.Shell.Applications.FlashUpload.Simple>

</xamlControls>