<?xml version="1.0" encoding="utf-8" ?> 
<control xmlns:def="Definition" xmlns="http://schemas.sitecore.net/Visual-Studio-Intellisense" xmlns:shell="http://www.sitecore.net/shell">
  <Gallery.Links>
    
    <Gallery>
      <Stylesheet Src="Content Manager.css" DeviceDependant="true"/>
      <Stylesheet Src="/sitecore/shell/Applications/Content Manager/Galleries/Links/Gallery Links.css" />

      <CodeBeside Type="Sitecore.Shell.Applications.ContentManager.Galleries.Links.GalleryLinksForm,Sitecore.Client"/>

      <GridPanel ID="Grid" Width="100%" Height="100%" Fixed="true">

        <Scrollbox ID="Links" GridPanel.Height="100%" GridPanel.Width="100%" GridPanel.VAlign="top" Width="100%" Height="100%" Background="#F4F4F5" Padding="0px" Border="none"/>

        <MenuLine/>

        <Gallery.Grip/>

      </GridPanel>
            
    </Gallery>
  </Gallery.Links>
</control>
