<?xml version="1.0" encoding="utf-8" ?>
<control xmlns:def="Definition" xmlns="http://schemas.sitecore.net/Visual-Studio-Intellisense" xmlns:shell="http://www.sitecore.net/shell">
  <RichTextEditor>
    <FormPage>
      <Stylesheet Src="IDE.css" DeviceDependant="true"/>
      <Script Src="/sitecore/shell/Controls/SitecoreKeyboard.js"/>

      <Stylesheet Key="RichTextEditor">
        html { width:100%; height:100% }
        body { width:100%; height:100% }
        form { width:100%; height:100% }
        
        .ff .scToolbar {
          background-image: url(/sitecore/shell/themes/standard/Images/Toolbar/ToolbarBackground.png);
        }
        
        .ff .scModeButtons {
          overflow: auto;
        }
        
        .ff .scToolbutton, .ff .scToolbutton_Hover, .ff .scToolbutton_Down, .ff .scToolbutton_Down_Hover {
          padding: 1px 2px 2px 2px;
        }
        
        .ff .scToolbutton_Hover {
          padding: 0px 1px 1px 1px;
          height: 19px !important;
        }
        
        .ff .scModeButtons span {
          height: 17px;
          line-height: 20px;
        }
        
        .ff .scModeButtons img {
          vertical-align: middle;
        }
        
        .ff .scCommandButtons {
          margin-top: -1px;
        }
      </Stylesheet>

      <CodeBeside Type="Sitecore.Shell.Applications.ContentManager.RichText.RichTextEditorForm,Sitecore.Client"/>

      <DataContext ID="DataContext" Root="/sitecore/content" DataViewName="Master"/>

      <GridPanel Width="100%" Height="100%" Style="table-layout:fixed">

        <Border Height="100%" GridPanel.Width="100%" GridPanel.Height="100%" GridPanel.VAlign="top">

          <Border ID="HtmlEditorPane" Visible="false" Height="100%">
            <GridPanel Width="100%" Height="100%" Style="table-layout:fixed">
              <Memo ID="HtmlEditor" Style="width:100%;height:100%;border:none;margin:0px" Wrap="soft" GridPanel.Height="100%"/>
            </GridPanel>
          </Border>

          <Frame ID="Editor" Width="100%" Height="100%"/>

        </Border>

        <Toolbar> 
          <Border Class="scCommandButtons" Float="right">
            <Button Header="Accept" Click="Accept_Click"/>
            <Button Header="Reject" Click="Reject_Click"/>
          </Border>

          <Border Class="scModeButtons" NoWrap="true">
            <Toolbutton ID="DesignButton" Header="Design" Icon="Applications/16x16/text_view.png" IconSize="id16x16" Down="true" Click="ShowDesign"/>
            <Toolbutton ID="HtmlButton" Header="HTML" Icon="Software/16x16/text_code.png" IconSize="id16x16" Click="ShowHtml"/>
            <Space Width="4"/>
          </Border>
        </Toolbar>

      </GridPanel>

    </FormPage>
  </RichTextEditor>
</control>