<?xml version="1.0" encoding="utf-8" ?>
<control xmlns:def="Definition" xmlns="http://schemas.sitecore.net/Visual-Studio-Intellisense">
  <SetIcon>
    <FormDialog Icon="Core2/32x32/smiley_face2.png" Header="Icon" Submittable="false"
      Text="Assign an icon to the item.">

      <CodeBeside Type="Sitecore.Shell.Applications.ContentManager.Dialogs.SetIcon.SetIconForm,Sitecore.Client"/>
      <Script Src="/sitecore/shell/Applications/Content Manager/Dialogs/Set Icon/SetIcon.js" />

      <Stylesheet Key="SetIcons">
        #List img {
          margin:4px;
          width:32px;
          height:32px;
        }
      </Stylesheet>

      <GridPanel Width="100%" Height="100%" Fixed="true">

        <Border Padding="0px 0px 2px 0px">
          <Literal Text="Enter the file name of the icon:"/>
        </Border>

        <Border Padding="0px 0px 2px 0px">
          <Edit ID="IconFile" Width="100%"/>
        </Border>
        <Border Padding="0px 0px 24px 0px">
          <Literal Text="For example: 'Applications/16x16/about.png'."/>
        </Border>

        <Border Padding="0px 0px 4px 0px">
          <Combobox ID="Selector" Float="right" Style="font:8pt tahoma" Change="javascript:scChange(this,event)">
            <ListItem Header="Applications" Value="Applications"/>
            <ListItem Header="Business" Value="Business"/>
            <ListItem Header="Controls" Value="Controls"/>
            <ListItem Header="Core 1" Value="Core1" />
            <ListItem Header="Core 2" Value="Core2"/>
            <ListItem Header="Core 3" Value="Core3" />
            <ListItem Header="Database" Value="Database"/>
            <ListItem Header="Flags" Value="Flags"/>
            <ListItem Header="Imaging" Value="Imaging"/>
            <ListItem Header="Multimedia" Value="Multimedia"/>
            <ListItem Header="Network" Value="Network" />"
            <ListItem Header="Other" Value="Other" />
            <ListItem Header="People" Value="People" />
            <ListItem Header="Software" Value="Software" />
            <ListItem Header="Word Processing" Value="WordProcessing"/>
          </Combobox>
          <Literal Text="You can also select an icon:"/>
        </Border>

        <Border ID="List" Height="100%" GridPanel.Height="100%" Click="javascript:scClick(this,event)">
          <Scrollbox ID="ApplicationsList" Height="100%"/>
          <Scrollbox ID="BusinessList" Height="100%" Visible="false"/>
          <Scrollbox ID="ControlsList" Height="100%" Visible="false"/>
          <Scrollbox ID="Core1List" Height="100%" Visible="false"/>
          <Scrollbox ID="Core2List" Height="100%" Visible="false"/>
          <Scrollbox ID="Core3List" Height="100%" Visible="false"/>
          <Scrollbox ID="DatabaseList" Height="100%" Visible="false"/>
          <Scrollbox ID="FlagsList" Height="100%" Visible="false"/>
          <Scrollbox ID="ImagingList" Height="100%" Visible="false"/>
          <Scrollbox ID="MultimediaList" Height="100%" Visible="false"/>
          <Scrollbox ID="NetworkList" Height="100%" Visible="false"/>
          <Scrollbox ID="OtherList" Height="100%" Visible="false"/>
          <Scrollbox ID="PeopleList" Height="100%" Visible="false"/>
          <Scrollbox ID="SoftwareList" Height="100%" Visible="false"/>
          <Scrollbox ID="WordProcessingList" Height="100%" Visible="false"/>
        </Border>

      </GridPanel>

    </FormDialog>
  </SetIcon>
</control>
