﻿<?xml version="1.0" encoding="utf-8" ?>
<control xmlns:def="Definition" xmlns="http://schemas.sitecore.net/Visual-Studio-Intellisense">
  <Installer.AddStaticFileSource>
    <WizardForm CodeBeside="Sitecore.Shell.Applications.Install.Dialogs.AddStaticFileSourceDialog,Sitecore.Client">
      <Border ID="Internals" />
      <WizardFormFirstPage ID="FirstPage" Icon="People/32x32/Box_Software.png">
        <Border Class="scWizardWelcomeTitle">
          <Literal ID="Welcome" Text="Welcome to the Add Static File Source Wizard."/>
        </Border>
        <Literal Text="This wizard helps you:"/>
        <ul>
          <li class="scWizardBullet">
            <Literal Text="Select the directories and files to include in the source."/>
          </li>
          <li class="scWizardBullet">
            <Literal Text="Specify the name of the source."/>
          </li>
          <li class="scWizardBullet">
            <Literal Text="Add the static file source."/>
          </li>
        </ul>
      </WizardFormFirstPage>

      <WizardFormPage ID="LoadFileSource" Header="Select Root Folder" Text="Select the folder where you want the search to start. Click Next to continue." Icon="People/32x32/Box_Software.png">
        <WizardFormIndent>

          <DataContext ID="DataContext" DataContext="TreeDataContext" DefaultItem="/"/>
          <DataContext ID="TreeDataContext" DataContext="DataContext" DefaultItem="/"  Filter="Contains('${Sitecore.Data.DataProviders.FileSystemDataProvider.FolderID.ToString()}', @@templateid)"/>

          <UpAction ID="UpAction" DataContext="DataContext"/>

          <ContextMenu ID="ContextMenu">
            <MenuItem Icon="Applications/16x16/folder_up.png" Header="Up" Action="UpAction" Click="DataContext.Up" />
            <MenuDivider/>
            <ListviewViewsMenuItems Listview="FileExplorer"/>
          </ContextMenu>

          <GridPanel Width="100%" Height="100%">

            <GridPanel ID="Body" Columns="3" Width="100%" Height="100%" Fixed="true" Border="1px inset" GridPanel.Height="100%">

              <Scrollbox ID="Folders" Height="100%" GridPanel.Height="100%" Background="window" Border="none" Padding="0" Style="filter:progid:DXImageTransform.Microsoft.Gradient(GradientType=1, StartColorStr='#ffffff', EndColorStr='#DFE6EC')" GridPanel.ID="FoldersPane" GridPanel.Width="200">
                <DataTreeview ID="FileTreeview" DataContext="TreeDataContext" MultiSelect="false" Root="true"/>
              </Scrollbox>

              <VSplitter ID="FileExplorerLeft" GridPanel.Width="4" Target="left" GridPanel.Style="background:#e9e9e9; display:expression(previousSibling.style.display)"/>

              <Scrollbox Class="scScrollbox scFixSize" Height="100%" Background="window" Border="none" Padding="0px" ContextMenu="show:ContextMenu" GridPanel.Height="100%">
                <DataListview ID="FileExplorer" DataContext="DataContext" DblClick="AddFile">
                  <ListviewHeader>
                    <ListviewHeaderItem Name="name" Header="Name"/>
                    <ListviewHeaderItem Name="size" Header="Size"/>
                    <ListviewHeaderItem Name="modified" Header="Date Modified"/>
                  </ListviewHeader>
                </DataListview>
              </Scrollbox>

            </GridPanel>

            <Space GridPanel.Height="4px"/>
            
            <Border GridPanel.Height="4px">
              <Toolbutton Style="float:right" Icon="Applications/24x24/delete2.png" Header="Remove" ToolTip="Remove entry from selection list." Click="Remove(&quot;&quot;)"/>
              <Toolbutton Icon="Applications/24x24/add.png" Header="Add path" ToolTip="Adds a path to selection list to include into the package." Click="AddFile"/>
            </Border>
            
            <Space GridPanel.Height="4px"/>

            <Scrollbox ID="ItemListBox" GridPanel.Height="150px" Height="100%" ContextMenu="ListContextMenu()" Padding="0px">
              <Listview ID="ItemList" Width="100%" View="Details" MultiSelect="true">
                <ListviewHeader>
                  <ListviewHeaderItem Header="Selected paths:"/>
                </ListviewHeader>
              </Listview>
            </Scrollbox>

          </GridPanel>

        </WizardFormIndent>
      </WizardFormPage>

      <WizardFormPage ID="SetName" Header="Source Name" Text="Enter a name for the source. Click Next to continue." Icon="People/32x32/Box_Software.png">
        <WizardFormIndent>
          <Installer.NameEditor ID="Name" />
        </WizardFormIndent>
      </WizardFormPage>

      <WizardFormLastPage ID="LastPage" Icon="People/32x32/Box_Software.png">
        <Border>
          <Literal Text="The static file source has been added successfully."/>
        </Border>
        <Border>
          <Literal Text="Click Finish to close the wizard."/>
        </Border>
      </WizardFormLastPage>

    </WizardForm>
  </Installer.AddStaticFileSource>
</control>