<?xml version="1.0" encoding="utf-8" ?> 
<control xmlns:def="Definition" xmlns="http://schemas.sitecore.net/Visual-Studio-Intellisense">
  <NewSchedule>
    <WizardForm Background="#e9e9e9" CodeBeside="Sitecore.Shell.Applications.ScheduledTasks.NewSchedule.NewScheduleForm,Sitecore.Client">
    
      <WizardFormFirstPage ID="FirstPage" Icon="People/32x32/clock_run.png">
        <Border Class="scWizardWelcomeTitle"><Literal ID="Welcome" Text="Welcome to the Schedule Command wizard."/></Border>
        <Literal Text="This wizard helps you:"/>
        <ul>
          <li class="scWizardBullet"><Literal Text="Choose a command to run."/></li>
          <li class="scWizardBullet"><Literal Text="Configure schedule."/></li>
        </ul>
      </WizardFormFirstPage>
      
      <WizardFormPage ID="Name" Header="Namd and Command" Text="Please specify the name of the schedule and the command to run. When ready, click Next to continue." Icon="People/32x32/clock_run.png">
        <WizardFormIndent>
          <GridPanel Width="100%" Columns="2">
          
            <Literal Text="Name:" Padding="0px 8px 0px 0px"/>
            <Edit ID="ScheduleName" Value="New Schedule" Width="100%" GridPanel.Width="100%" GridPanel.Style="padding:0px 0px 8px 0px"/>

            <Literal Text="Command:" Padding="0px 8px 0px 0px"/>
            <Combobox ID="Command" Value="" Width="100%" GridPanel.Width="100%"/>

          </GridPanel>
        </WizardFormIndent>
      </WizardFormPage>

      <WizardFormPage ID="Schedule" Header="Schedule" Text="Please configure the schedule. When done, click Next to create the schedule command." Icon="People/32x32/clock_run.png">
        <WizardFormIndent>
        </WizardFormIndent>
      </WizardFormPage>

      <WizardFormPage ID="Help" Header="Help" Text="Please enter help texts for the sechdulek command. When done, click Next to create the schedule command." Icon="People/32x32/clock_stop.png">
        <WizardFormIndent>
          <GridPanel Width="100%" Columns="2" CellPadding="2">
          
            <Literal Text="Short description:" GridPanel.NoWrap="true"/>
            <Edit ID="ToolTip" Value="" Width="100%" GridPanel.Width="100%"/>

            <Literal Text="Long description:" GridPanel.NoWrap="true" GridPanel.VAlign="top"/>
            <Memo ID="Description" Value="" Width="100%" Height="80" GridPanel.Width="100%"/>

          </GridPanel>
        </WizardFormIndent>
      </WizardFormPage>

      <WizardFormLastPage ID="LastPage" Icon="People/32x32/clock_run.png">
        <Literal Text="The wizard has completed. Click the Finish button to close the Wizard."/>
      </WizardFormLastPage>
      
    </WizardForm>
  </NewSchedule>
</control>
