<?xml version="1.0" encoding="UTF-8" ?>
<xamlControls 
  xmlns:x="http://www.sitecore.net/xaml"
  xmlns:ajax="http://www.sitecore.net/ajax"
  xmlns:rest="http://www.sitecore.net/rest"
  xmlns:r="http://www.sitecore.net/renderings"
  xmlns:xmlcontrol="http://www.sitecore.net/xmlcontrols"
  xmlns:p="http://schemas.sitecore.net/Visual-Studio-Intellisense"
  xmlns:asp="http://www.sitecore.net/microsoft/webcontrols"
  xmlns:html="http://www.sitecore.net/microsoft/htmlcontrols"
  xmlns:xsl="http://www.w3.org/1999/XSL/Transform">
  
  <Sitecore.Shell.Xaml.WebControl>
  
    <Sitecore.Controls.HtmlPage runat="server">
      <AjaxScriptManager runat="server" />
      <ContinuationManager runat="server" />

      <asp:Wizard ID="Wizard1" runat="server" Width="322px" ActiveStepIndex="0" OnActiveStepChanged="GetFavoriteNumerOnActiveStepIndex"
                    BorderColor="#B5C7DE" BorderWidth="1px" Font-Names="tahoma" Font-Size="8pt" 
                    CellPadding="5">
        <NavigationButtonStyle BackColor="White" BorderColor="red" BorderStyle="Solid" BorderWidth="1px" Font-Names="tahoma" Font-Size="8pt" ForeColor="#284E98" />
        <SideBarStyle BackColor="blue" Font-Size="8pt" VerticalAlign="Top" />
        <StepStyle ForeColor="#333333" />
        <SideBarButtonStyle Font-Names="Tahoma" Font-Size="8pt" ForeColor="White" />
        <HeaderStyle BackColor="green" BorderColor="#EFF3FB"  BorderStyle="Solid" BorderWidth="2px" Font-Bold="True" Font-Size="8pt" ForeColor="White" HorizontalAlign="Center" />
        <WizardSteps>
          <asp:WizardStep ID="WizardStep1" runat="server" Title="Step 1" AllowReturn="False">
            Wizard Step 1<br />
            <br />                                                    
            Favorite Number:                                                                     
            <asp:DropDownList ID="DropDownList1" runat="server">
              <asp:ListItem>1</asp:ListItem>
              <asp:ListItem>2</asp:ListItem>
              <asp:ListItem>3</asp:ListItem>
              <asp:ListItem>4</asp:ListItem>
              <asp:ListItem>5</asp:ListItem>
              <asp:ListItem>6</asp:ListItem>
              <asp:ListItem>7</asp:ListItem>
              <asp:ListItem>8</asp:ListItem>
              <asp:ListItem>9</asp:ListItem>
              <asp:ListItem>10</asp:ListItem>
            </asp:DropDownList>
          </asp:WizardStep>
          <asp:WizardStep ID="WizardStep2" runat="server" Title="Step 2" AllowReturn="False">
            Favorite Color: <asp:DropDownList ID="DropDownList2" runat="server">
              <asp:ListItem>Red</asp:ListItem>
              <asp:ListItem>Blue</asp:ListItem>
              <asp:ListItem>Green</asp:ListItem>
              <asp:ListItem>Purple</asp:ListItem>
              <asp:ListItem>Black</asp:ListItem>
              <asp:ListItem>Brown</asp:ListItem>
              <asp:ListItem>Pink</asp:ListItem>
              <asp:ListItem>Orange</asp:ListItem>
              <asp:ListItem>Yellow</asp:ListItem>
            </asp:DropDownList>
          </asp:WizardStep>
          <asp:WizardStep AllowReturn="False" ID="Step3" runat="server" Title="Step 3" StepType="Step">
            Favorite Sport:
            <asp:DropDownList ID="DropDownList3" runat="server">
              <asp:ListItem>Soccer</asp:ListItem>
              <asp:ListItem>Baseball</asp:ListItem>
              <asp:ListItem>Football</asp:ListItem>
              <asp:ListItem>Hockey</asp:ListItem>
              <asp:ListItem>Basketball</asp:ListItem>
              <asp:ListItem>Tennis</asp:ListItem>
              <asp:ListItem>Rugby</asp:ListItem>
              <asp:ListItem>Cricket</asp:ListItem>
            </asp:DropDownList>
          </asp:WizardStep>
          <asp:WizardStep ID="Complete" runat="server" Title="Complete " StepType="Complete">
            <br />
            Thank you for completing this survey.<br />
          </asp:WizardStep>
        </WizardSteps>
      </asp:Wizard>
      
    </Sitecore.Controls.HtmlPage>
  </Sitecore.Shell.Xaml.WebControl>

</xamlControls>
