<?xml version="1.0" encoding="utf-8" ?> 
<control xmlns:def="Definition" xmlns="http://schemas.sitecore.net/Visual-Studio-Intellisense" xmlns:sc="sitecore">
  <ChangeUserInformation>
    <FormDialog Icon="People/32x32/user1_information.png" Header="Personal Information" 
      Text="Change your personal information.">

      <CodeBeside Type="Sitecore.Shell.Applications.ControlPanel.Preferences.UserInformation.UserInformationForm,Sitecore.Client"/>
    
      <GridPanel Columns="2" Width="100%" CellPadding="3">

         <Literal Text="Full Name:" GridPanel.NoWrap="true"/>
         <Edit ID="Fullname" Width="100%" GridPanel.Width="100%"/>
        
         <Literal Text="Email:" GridPanel.NoWrap="true"/>
         <Edit ID="Email" Width="100%"/>

          <Literal Text="Portrait:" GridPanel.VAlign="top"/>
          <GridPanel Columns="2" Width="100%">

            <Border Border="1px inset" Margin="0px 16px 0px 0px" GridPanel.VAlign="top">
              <Image ID="Portrait" Src="/sitecore/images/blank.gif" Height="48" Width="48" RenderAs="WebControl"/>
            </Border>
            
            <Listbox ID="Portraits" Width="100%" Size="8" GridPanel.VAlign="top" Change="Change" GridPanel.Width="100%"/>
            
          </GridPanel>

      </GridPanel>
      
    </FormDialog>
  </ChangeUserInformation>
</control>
