<?xml version="1.0" encoding="utf-8" ?>
<control xmlns:def="Definition" xmlns="http://schemas.sitecore.net/Visual-Studio-Intellisense">
  <InternalLink>
    <FormDialog Icon="Network/32x32/link.png" Header="Internal Link" Text="Select the item that you want to create a link to and specify the appropriate properties." OKButton="OK">
      <Stylesheet Key="Style">
        .ff input { 
          width: 160px;
        }        
      </Stylesheet>
      <CodeBeside Type="Sitecore.Shell.Applications.Dialogs.InternalLink.InternalLinkForm,Sitecore.Client"/>

      <DataContext ID="InternalLinkDataContext"/>
     
      <GridPanel Columns="2" Width="100%" Height="100%" CellPadding="4" Style="table-layout:fixed">
        <Scrollbox Width="100%" Height="100%" Class="scScrollbox scFixSize" Background="window" Padding="0" Border="1px solid #CFCFCF" GridPanel.VAlign="top" GridPanel.Width="100%" GridPanel.Height="100%">
          <TreeviewEx ID="Treeview" DataContext="InternalLinkDataContext" MultiSelect="False" Width="100%"/>
        </Scrollbox>
      
        <Scrollbox Width="256" Height="100%" Background="transparent" Border="none" GridPanel.VAlign="top" GridPanel.Width="256">
          <GridPanel CellPadding="2" Columns="2">
            <Literal Text="Link Description:" GridPanel.NoWrap="true"/>
            <Edit ID="Text"/>
            
            <Literal Text="Anchor:" GridPanel.NoWrap="true"/>
            <Edit ID="Anchor"/>

            <Label for="Target" GridPanel.NoWrap="true"><Literal Text="Target Window:"/></Label>
            <Combobox ID="Target" Width="100%" Change="OnListboxChanged">
              <ListItem Value="Self" Header="Active browser"/>
              <ListItem Value="New" Header="New browser"/>
              <ListItem Value="Custom" Header="Custom"/>
            </Combobox>
            
            <Panel ID="CustomLabel" Background="transparent" Border="none" GridPanel.NoWrap="true" GridPanel.Align="right"><Label For="CustomTarget"><Literal Text="Custom:" /></Label></Panel>
            <Edit ID="CustomTarget" />

            <Literal Text="Style Class:" GridPanel.NoWrap="true"/>
            <Edit ID="Class"/>
            
            <Literal Text="Alternate Text:" GridPanel.NoWrap="true"/>
            <Edit ID="Title"/>

            <Literal Text="Query String:" GridPanel.NoWrap="true"/>
            <Edit ID="Querystring"/>
          </GridPanel>
        </Scrollbox>
      
      </GridPanel>
      
    </FormDialog>            
  </InternalLink>
</control>
