<?xml version="1.0" encoding="utf-8" ?> 
<control xmlns:def="Definition" xmlns="http://schemas.sitecore.net/Visual-Studio-Intellisense" xmlns:sc="sitecore">
  <RegionalSettings>
    <FormDialog Icon="Network/32x32/earth_location.png" Header="Regional and Language Options" 
      Text="Change your regional settings to reflect your preferences." OKButton="Apply">

      <CodeBeside Type="Sitecore.Shell.Applications.ControlPanel.Preferences.RegionalSettings.RegionalSettingsForm,Sitecore.Client"/>
    
      <Groupbox Header="Standard and Formats:">
        <Border Padding="8px 0px 0px 0px">
          <Literal Text="This option affects how numbers, currencies, dates and time are formatted."/>
        </Border>
      
        <Border Padding="12px 0px 8px 0px">
          <Literal Text="Select an item to use its preferences."/>
        </Border>

        <Listbox ID="Regions" Width="100%" Change="Change" GridPanel.VAlign="top" GridPanel.Width="100%"/>
        
        <Border Padding="8px 0px 4px 0px">
          <Literal Text="Samples:"/>
        </Border>

        <GridPanel Columns="2" Width="100%" CellPadding="2">

          <Literal Text="Number:" GridPanel.NoWrap="true"/>
          <Edit ID="Number" ReadOnly="true" Background="#e9e9e9" Width="100%" GridPanel.Width="100%"/>

          <Literal Text="Currency:" GridPanel.NoWrap="true"/>
          <Edit ID="Currency" ReadOnly="true" Background="#e9e9e9" Width="100%"/>

          <Literal Text="Time:" GridPanel.NoWrap="true"/>
          <Edit ID="Time" ReadOnly="true" Background="#e9e9e9" Width="100%"/>

          <Literal Text="Short date:" GridPanel.NoWrap="true"/>
          <Edit ID="ShortDate" ReadOnly="true" Background="#e9e9e9" Width="100%"/>

          <Literal Text="Long date:" GridPanel.NoWrap="true"/>
          <Edit ID="LongDate" ReadOnly="true" Background="#e9e9e9" Width="100%"/>

        </GridPanel>
        
      </Groupbox>
    
      <Groupbox Header="Client Language" Padding="16px 4px 4px 4px">
        <Border Padding="8px 0px 4px 0px">
          <Literal Text="Select the language to use in the client application."/>
        </Border>
        
        <Border Padding="0px 0px 8px 0px">
          <Listbox ID="ClientLanguages" Width="100%" GridPanel.VAlign="top" GridPanel.Width="100%"/>
        </Border>
      </Groupbox>
      
    </FormDialog>
  </RegionalSettings>
</control>
