<?xml version="1.0" encoding="utf-8" ?>
<control xmlns:def="Definition" xmlns="http://schemas.sitecore.net/Visual-Studio-Intellisense">
  <MailLink>
    <FormDialog Icon="Network/32x32/mail.png" Header="Insert an email link" 
      Text="Please specify the email address and any additional properties. To send a test mail use the Send a test mail button. When done, click OK."
      OKButton="OK">

      <CodeBeside Type="Sitecore.Shell.Applications.Dialogs.MailLink.MailLinkForm,Sitecore.Client"/>

      <a id="mail"></a>
      
      <GridPanel CellPadding="2" Columns="2" Width="100%">
        <Label For="Text" GridPanel.NoWrap="true"><Literal Text="Link description:"/></Label>
        <Edit ID="Text" Width="100%" GridPanel.Width="100%"/>
        
        <Label For="Url" GridPanel.NoWrap="true"><Literal Text="Mailto:"/></Label>
        <Edit ID="Url" Width="100%" />

        <Label For="Class" GridPanel.NoWrap="true"><Literal Text="Style class:" /></Label>
        <Edit ID="Class" Width="100%" />
        
        <Label for="Title" GridPanel.NoWrap="true"><Literal Text="Alternate text:"/></Label>
        <Edit ID="Title" Width="100%" />
        
        <Space Height="16" GridPanel.ColSpan="2"/>
        
        <Border GridPanel.ColSpan="2" Align="Center">
          <Button Click="OnTest" Style="width:auto"><Literal Text="Send a test mail"/></Button>
        </Border>
        
      </GridPanel>
    </FormDialog>
  </MailLink>
</control>
