<?xml version="1.0" encoding="UTF-8" ?>
<xamlControls 
  xmlns:x="http://www.sitecore.net/xaml"
  xmlns:ajax="http://www.sitecore.net/ajax"
  xmlns:rest="http://www.sitecore.net/rest"
  xmlns:javascript="http://www.sitecore.net/javascript"
  xmlns:r="http://www.sitecore.net/renderings"
  xmlns:xmlcontrol="http://www.sitecore.net/xmlcontrols"
  xmlns:p="http://schemas.sitecore.net/Visual-Studio-Intellisense"
  xmlns:asp="http://www.sitecore.net/microsoft/webcontrols"
  xmlns:html="http://www.sitecore.net/microsoft/htmlcontrols"
  xmlns:xsl="http://www.w3.org/1999/XSL/Transform">
  
  <Sitecore.Shell.Applications.Media.ImageProperties x:inherits="Sitecore.Shell.Applications.Media.ImageProperties.ImagePropertiesPage,Sitecore.Client">
    <Sitecore.Controls.DialogPage Header="Image Properties" Icon="Applications/32x32/photo_scenery.png" Text="Set the properties for the image here." runat="server">

      <AjaxScriptManager runat="server"/>
      <ContinuationManager runat="server" />

      <Stylesheet runat="server" x:placeholder="Stylesheets">
        fieldset {
          margin: 0px 0px 8px 0px;
          padding: 4px;
        }
        
        html:not([lang*=""]) fieldset {
          border: solid 1px #D6D5D9;
        }
        
        legend {
          color: #6487DC;
          padding: 0px 4px 0px 4px;
        }
      </Stylesheet>

      <GridPanel Height="100%" Width="100%" runat="server">
        <Border runat="server" GridPanel.VAlign="top">
          <fieldset>
            <legend>
              <Literal Text="Text" runat="server"/>
            </legend>
            
            <GridPanel Columns="2" Cellpadding="2" Width="100%" runat="server">
              <Literal Text="Alternate Text:" GridPanel.NoWrap="true" GridPanel.Align="right" runat="server"/>
              <asp:TextBox ID="Alt" GridPanel.Width="100%" Style="width:100%" runat="server"/>

              <Literal Text="Default Alternate Text:" GridPanel.NoWrap="true" GridPanel.Align="right" runat="server"/>
              <asp:TextBox ID="OriginalText" GridPanel.Width="100%" Style="width:100%;background:transparent;border:none" ReadOnly="true" runat="server"/>
            </GridPanel>
          </fieldset>

          <fieldset>
            <legend>
              <Literal Text="Dimensions" runat="server"/>
            </legend>

            <div style="padding:6px 0px 12px 4px">
              <Literal Text="Enter the dimensions of the image if they are different than the dimensions of the original. This will only affect the reference and not the original image." runat="server"/>
            </div>

            <Border ID="SizeWarning" Padding="8px 0px 8px 0px" runat="server">
              <ThemedImage Src="Applications/16x16/warning.png" Margin="0px 4px 0px 0px" Align="absmiddle" runat="server"/>
              <Literal Text="The image is too big to be resized." runat="server"/>
            </Border>

            <GridPanel Columns="2" Cellpadding="2" runat="server">
              <Literal Text="Width:" GridPanel.NoWrap="true" GridPanel.Align="right" runat="server"/>
              <Border runat="server">
                <asp:TextBox ID="WidthEdit" ajax:Change="ChangeWidth" runat="server"/>
                
                <span style="padding:0px 0px 0px 8px">
                  <Checkbox ID="Aspect" runat="server"/>
                  <Literal Text="Keep Aspect Ratio" GridPanel.NoWrap="true" GridPanel.Align="right" runat="server"/>
                </span>
              </Border>

              <Literal Text="Height:" GridPanel.NoWrap="true" GridPanel.Align="right" runat="server"/>
              <asp:TextBox ID="HeightEdit" ajax:Change="ChangeHeight" runat="server"/>

              <Border runat="server"/>
              <Border Padding="4px 0px 0px 0px" runat="server">
                <Literal ID="OriginalSize" runat="server" />
              </Border>
            </GridPanel>
          </fieldset>

          <fieldset>
            <legend>
              <Literal Text="Space" runat="server"/>
            </legend>

            <div style="padding:6px 0px 12px 4px">
              <Literal Text="Please provide the desired space to place around the image." runat="server" />
            </div>

            <GridPanel Columns="2" Cellpadding="2" runat="server">
              <Literal Text="Horizontal Space:" GridPanel.NoWrap="true" GridPanel.Align="right" runat="server"/>
              <asp:TextBox ID="HSpace" runat="server"/>

              <Literal Text="Vertical Space:" GridPanel.NoWrap="true" GridPanel.Align="right" runat="server"/>
              <asp:TextBox ID="VSpace" runat="server"/>
            </GridPanel>
          </fieldset>
        </Border>
      </GridPanel>
      
    </Sitecore.Controls.DialogPage>
  </Sitecore.Shell.Applications.Media.ImageProperties>

</xamlControls>
                           