<?xml version="1.0" encoding="utf-8" ?>
<control xmlns:def="Definition" xmlns="http://schemas.sitecore.net/Visual-Studio-Intellisense" xmlns:shell="http://www.sitecore.net/shell">
  <AccessViewer>
    <FormPage Application="Security/Access Viewer">
      <Stylesheet Src="Content Manager.css" DeviceDependant="true"/>
      <Stylesheet Src="Ribbon.css" DeviceDependant="true"/>
      <Stylesheet Src="AccessViewer.css" DeviceDependant="true"/>

      <Script Src="/sitecore/shell/Applications/Content Manager/Content Editor.js"/>
      <Script Src="/sitecore/shell/Controls/SitecoreObjects.js"/>

      <CodeBeside Type="Sitecore.Shell.Applications.Security.AccessViewer.AccessViewerForm,Sitecore.Client"/>

      <DataContext ID="DataContext" />
      
      <input type="hidden" id="scActiveRibbonStrip" name="scActiveRibbonStrip" />
      
      <GridPanel ID="Grid" Width="100%" Height="100%">

        <Border ID="RibbonPanel"/>

        <GridPanel Columns="3" Width="100%" Height="100%" GridPanel.Height="100%" Style="table-layout:fixed">
        
          <Scrollbox Class="scScrollbox scFixSize" Height="100%" Background="white" Border="none" Padding="0px" ContextMenu='Treeview.GetContextMenu("contextmenu")' GridPanel.Width="100%" GridPanel.Height="100%">
            <shell:AccessViewerTreeview ID="Treeview" DataContext="DataContext" Root="true" />
          </Scrollbox>

          <VSplitter ID="AccessViewerLeft" GridPanel.Width="4" Target="right" GridPanel.Style="background:#8595a4; display:expression(previousSibling.style.display)"/>

          <Scrollbox Class="scScrollbox scFixSize" ID="Explanation" Height="100%" Background="window" Border="none" Padding="0px" GridPanel.Width="200" />

        </GridPanel>

        <AccessViewerLegend/>
        
      </GridPanel>
    </FormPage>
  </AccessViewer>
</control>
