﻿<?xml version="1.0" encoding="utf-8" ?>
<control xmlns:def="Definition" xmlns="http://schemas.sitecore.net/Visual-Studio-Intellisense">
  <Sitecore.Shell.Applications.Dialogs.SelectLayoutPreset>
    <FormDialog ID="Dialog" Icon="Core/32x32/open_document.png" Header="Open Item"
      Text="Select the item that you wish to open. Then click the Open button." OKButton="Open">      
      <Stylesheet Src="SelectItemWithThumbnails.css" DeviceDependant="true" />
      <CodeBeside Type=" Sitecore.Shell.Applications.Dialogs.SelectLayoutPreset.SelectLayoutPresetForm,Sitecore.Client"/>
      
      <GridPanel Width="100%" Height="100%" Style="table-layout:fixed">                           
        <Scrollbox ID="Previews" Width="100%" Height="100%" Class="scScrollbox scFixSize scFixSize4" Background="white" Padding="0px" GridPanel.Height="100%">
        </Scrollbox>                
      </GridPanel>      
    </FormDialog>
  </Sitecore.Shell.Applications.Dialogs.SelectLayoutPreset>
</control>