﻿<?xml version="1.0" encoding="utf-8" ?>
<skins xmlns:sc="http://www.sitecore.net/skin">
  <skin>
    <div class="scEditorSections">
      <sc:sections />
    </div>
  </skin>

  <skin type="section">
    <sc:sectionpanel>
      <sc:fields />
    </sc:sectionpanel>
  </skin>

  <skin type="field" fieldtype="checkbox">
    <sc:marker>
      <table cellpadding="0" cellspacing="0" border="0">
        <tr>
          <td style="padding:0px 2px 0px 0px">
            <sc:input />
          </td>
          <td>
            <sc:label/>
          </td>
        </tr>
      </table>
    </sc:marker>
  </skin>

  <skin type="field">
    <sc:marker>
      <sc:buttons />
      <sc:label />
      <sc:input />
    </sc:marker>
  </skin>

</skins>
