<?xml version="1.0" encoding="utf-8" ?>
<control xmlns:def="Definition" xmlns="http://schemas.sitecore.net/Visual-Studio-Intellisense" xmlns:shell="http://www.sitecore.net/shell">
  <Gallery>
    <FormPage Background="White">
      <Stylesheet Src="Content Manager.css" DeviceDependant="true"/>
      <Stylesheet Src="Ribbon.css" DeviceDependant="true"/>
      <Stylesheet Src="Gallery.css" DeviceDependant="true"/>
      <Script Type="text/JavaScript" Language="javascript" Src="/sitecore/shell/Controls/SitecoreObjects.js"/>
      <Script Type="text/JavaScript" Language="javascript" Src="/sitecore/shell/Applications/Content Manager/Galleries/Gallery.js"/>

      <input type="hidden" id="__IGNOREMESSAGES" value="1" />

      <Border Class="scGalleryOuterFrame">
        <Border Class="scGalleryInnerFrame">
          <def:Placeholder />
        </Border>
      </Border>

    </FormPage>
  </Gallery>
</control>
