<?xml version="1.0" encoding="utf-8" ?>
<control xmlns:def="Definition" xmlns="http://schemas.sitecore.net/Visual-Studio-Intellisense">
  <SetTreeNodeStyle>
    <FormDialog Icon="WordProcessing/32x32/style_formatting_b.png" Header="Tree Node Style" 
      Text="Use CSS styles to define how the current item appears in the content tree.">

      <CodeBeside Type="Sitecore.Shell.Applications.ContentManager.Dialogs.SetTreeNodeStyle.SetTreeNodeStyleForm,Sitecore.Client"/>

      <Script Key="Edit">

        function editStyle() {
        var styles = scForm.browser.getControl("Styles");

        var result = window.showModalDialog("/sitecore/shell/Css Editor/WebCSSEditor.htm",styles.value,"dialogWidth:500px;dialogHeight:630px;status:off;help:no");

        if (result != null) {
        styles.value = result;
        scForm.browser.getControl('Preview').style.cssText = result;
        }
        }

      </Script>

      <GridPanel Width="100%" Height="100%" Fixed="true">

        <Memo ID="Styles" Width="100%" Height="100%" GridPanel.Height="100%" 
              onchange="javascript:scForm.browser.getControl('Preview').style.cssText=this.value"
              onkeyup="javascript:scForm.browser.getControl('Preview').style.cssText=this.value"
              onpaste="javascript:scForm.browser.getControl('Preview').style.cssText=this.value"
              oncut="javascript:scForm.browser.getControl('Preview').style.cssText=this.value"
              />

        <Border Align="right" Padding="2px 0px 0px 0px">
          <Button Header="Edit" Click="javascript:editStyle()"/>
        </Border>

        <Border>
          <Literal Text="Preview:"/>
        </Border>
        <Border Padding="16px" Align="Center" Background="White" Border="1px inset">
          <Border ID="Preview"/>
        </Border>
        
      </GridPanel>
      
    </FormDialog>
  </SetTreeNodeStyle>
</control>
