<?xml version="1.0" encoding="utf-8" ?>
<control xmlns:def="Definition" xmlns="http://schemas.sitecore.net/Visual-Studio-Intellisense">
  <BreakingLinks>
    <FormDialog Icon="Network/32x32/link_delete.png" Header="Breaking Links" 
      Text="Other items link to this item or subitems. The links should be updated to avoid broken links." OKButton="Continue">

      <CodeBeside Type="Sitecore.Shell.Applications.Dialogs.BreakingLinks.BreakingLinksForm,Sitecore.Client"/>

      <Border ID="SelectActionPage">
        <Groupbox Header="Action" Padding="2px">
          <Border>
            <Radiobutton ID="RemoveButton" Name="Action" Value="Remove" Header="Remove Links" Checked="true"/>
          </Border>
          <Border>
            <Radiobutton ID="RelinkButton" Name="Action" Value="Relink" Header="Link to Another Item"/>
          </Border>
          <Border>
            <Radiobutton ID="BreakButton" Name="Action" Value="Break" Header="Leave Links - the Links Will Appear in the Broken Links Report"/>
          </Border>
        </Groupbox>

        <Border Margin="8px 0px 0px 0px">
          <Button Header="Edit Links" Click="EditLinks"/>
        </Border>
      </Border>

      <Border ID="SelectItemPage" Visible="false">
        <DataContext ID="DataContext" Root="/" Folder="/sitecore/content" DataViewName="Master"/>

        <GridPanel Width="100%" Height="100%">

          <Literal Text="Select Another Item."/>

          <Scrollbox Width="100%" Height="100%" GridPanel.Height="100%" Padding="0px">
            <TreeviewEx ID="Link" DataContext="DataContext" />
          </Scrollbox>

        </GridPanel>
      </Border>

      <Border ID="ExecutingPage" Visible="false">
        <GridPanel Width="100%">

          <Space Height="64"/>

          <ThemedImage Src="Network/48x48/Link_new.png" Width="48" Height="48" GridPanel.Align="center"/>

          <Space Height="16"/>

          <Border Align="center">
            <ThemedImage Src="Images/progress.gif" Width="94" Height="17"/>
          </Border>

          <Space Height="16"/>

          <Border ID="Text" Align="center" GridPanel.Align="center" GridPanel.Style="font-weight:bold">
            <Literal Text="Updating Links..."/>
          </Border>
          <Space Height="16"/>
          <Border ID="Status" Align="center" GridPanel.Align="center">
            &#160;
          </Border>

        </GridPanel>
      </Border>

      <Border ID="FailedPage" Visible="false">
        <GridPanel Width="100%" Height="100%" Fixed="true">
          <Memo ID="ErrorText" ReadOnly="true" Width="100%" Height="100%"/>
        </GridPanel>
      </Border>

    </FormDialog>
  </BreakingLinks>
</control>
