<?xml version="1.0" encoding="utf-8" ?> 
<control xmlns:def="Definition" xmlns="http://schemas.sitecore.net/Visual-Studio-Intellisense">
  <TransferToDatabase>
    <WizardForm CodeBeside="Sitecore.Shell.Applications.Dialogs.TransferToDatabase.TransferToDatabaseForm,Sitecore.Client">

      <WizardFormFirstPage ID="FirstPage" Icon="Business/32x32/Data_Into.png">
        <Border Class="scWizardWelcomeTitle"><Literal ID="Welcome" Text="Welcome to the Transfer Item to Other Database Wizard."/></Border>
        <Literal Text="This wizard helps you:"/>
        <ul>
          <li class="scWizardBullet"><Literal Text="Select the source item."/></li>
          <li class="scWizardBullet"><Literal Text="Select a destination database."/></li>
          <li class="scWizardBullet"><Literal Text="Transfer the item and subitems."/></li>
        </ul>
      </WizardFormFirstPage>
      
      <WizardFormPage ID="Source" Header="Source Item." Text="Select the item that you want to transfer. Click Next to continue." Icon="Business/32x32/Data_Into.png">
        <DataContext ID="SourceDataContext" Root="/" DataViewName="Master" filter="@@virtual=0"/>
        
        <WizardFormPadding>
          <Scrollbox Width="100%" Height="100%" Padding="0px">
            <TreeviewEx ID="SourceTreeview" DataContext="SourceDataContext" Root="true" />
          </Scrollbox>
        </WizardFormPadding>
      </WizardFormPage>
    
      <WizardFormPage ID="Destination" Header="Destination." Text="Select the database that you want to transfer the item to and the destination folder. Click Next to continue." Icon="Business/32x32/Data_Into.png">
        <DataContext ID="DestinationDataContext" Root="/" DataViewName="Master" filter="@@virtual=0"/>
        
        <WizardFormPadding>
          <GridPanel Height="100%" Width="100%">
            <Border Padding="0px 0px 8px 0px">
              <GridPanel Width="100%" Columns="2">
                <Literal Text="Database:&#160;" Style="white-space:nowrap;margin-right:0.5em"/>
                
                <Combobox ID="Databases" Change="ChangeDatabase" Width="100%" Padding="0px 0px 0px 4px" GridPanel.Width="100%"/>
              </GridPanel>
            </Border>
            
            <Scrollbox Width="100%" Height="100%" Padding="0px" GridPanel.Height="100%">
              <TreeviewEx ID="DestinationTreeview" DataContext="DestinationDataContext" Root="true" />
            </Scrollbox>
          </GridPanel>
        </WizardFormPadding>
      </WizardFormPage>
      
      <WizardFormPage ID="Ready" Header="Ready" Text="You are ready to transfer the item. Click Transfer to transfer the item." Icon="Business/32x32/Data_Into.png">
        <WizardFormIndent>
          <Border Padding="0px 0px 8px 0px">
            <b><Literal Text="Transfer the item"/></b>
          </Border>
          <Border Padding="0px 0px 8px 0px">
            <li><Literal ID="SourcePath"/></li>
          </Border>
          <Border FontBold="true" Padding="0px 0px 8px 0px">
            <b><Literal Text="to"/></b>
          </Border>
          <Border Padding="0px 0px 8px 0px">
            <li><Literal ID="DestinationPath"/></li>
          </Border>
          
          <Groupbox Header="Options" Padding="32px 0px 0px 0px">
            <Border Padding="4px">
              <Checkbox ID="Deep" Header="Include subitems."/>
            </Border>
          </Groupbox>

          <Border Border="2px groove" Padding="4px 4px 0px 4px" Margin="16px 0px 0px 0px">
            <b>
              <ThemedImage Src="Applications/16x16/warning.png" Width="16" Height="16" Align="absmiddle" Margin="0px 4px 0px 0px" />
              <Literal Text="Please notice that transfering will fail:" />
              <ul>
                <li>
                  <Literal Text="if you do not have write access to the destination." />
                </li>
                <li>
                  <Literal Text="if a template of a transfered item does not exist in the target database." />
                </li>
              </ul>
            </b>
          </Border>
          
        </WizardFormIndent>
      </WizardFormPage>

      <WizardFormPage ID="Transferring" Header="Transferring..." Text="Please wait while transferring..." Icon="Business/32x32/Data_Into.png">
        <GridPanel Width="100%">
          <Space Height="64px"/>
          
          <ThemedImage Src="Business/32x32/Data_Into.png" Width="48" Height="48" GridPanel.Align="center"/>

          <Space Height="16px"/>
          
          <Border Align="center">
            <ThemedImage Src="Images/progress.gif" Width="94" Height="17"/>
          </Border>
          
          <Space Height="16px"/>
          
          <Border ID="PublishingText" Align="center" GridPanel.Align="center" GridPanel.Style="font-weight:bold">
            <Literal Text="Transferring..."/>
          </Border>
        </GridPanel>
      </WizardFormPage>
      
      <WizardFormLastPage ID="LastPage" Icon="Business/32x32/Data_Into.png">
        <Border><Literal Text="The wizard has completed. Click Finish to close the wizard."/></Border>
      </WizardFormLastPage>

    </WizardForm>
  </TransferToDatabase>
</control>
