<?xml version="1.0" encoding="utf-8" ?>
<control xmlns:def="Definition" xmlns="http://schemas.sitecore.net/Visual-Studio-Intellisense">
  <ImagerResize>
    <FormDialog Icon="Imaging/32x32/scale.png" Header="Resize Image" 
      Text="Specify the new dimensions of the image.">

      <CodeBeside Type="Sitecore.Shell.Applications.Media.Imager.ImagerResizeForm,Sitecore.Client"/>

      <GridPanel Width="100%" Height="100%" Columns="3" Style="table-layout:fixed">
      
        <GridPanel Width="200px" Columns="2" CellPadding="2" GridPanel.VAlign="top" GridPanel.Width="240px">
        
          <Literal Text="Width"/>
          <Edit ID="Width" Change="ChangeWidth" Width="136px"/>
          
          <Literal Text="Height"/>
          <Edit ID="Height" Change="ChangeHeight" Width="136px"/>

          <Literal Text="Keep Aspect Ratio" GridPanel.NoWrap="true"/>
          <Checkbox ID="Aspect"/>

        </GridPanel>

        <Space Width="8" GridPanel.Width="8"/>
        
        <Scrollbox Class="scScrollbox scFixSize scFixSize12" Padding="0px" GridPanel.Height="100%" GridPanel.VAlign="top" GridPanel.Width="100%">        
          <Image ID="Image" Width="" Height=""/>
        
        </Scrollbox>
        
      </GridPanel>
      
    </FormDialog>
  </ImagerResize>
</control>
