﻿<?xml version="1.0" encoding="UTF-8" ?>
<xamlControls
  xmlns:x="http://www.sitecore.net/xaml"
  xmlns:ajax="http://www.sitecore.net/ajax"
  xmlns:rest="http://www.sitecore.net/rest"
  xmlns:javascript="http://www.sitecore.net/javascript"
  xmlns:r="http://www.sitecore.net/renderings"
  xmlns:xmlcontrol="http://www.sitecore.net/xmlcontrols"
  xmlns:p="http://schemas.sitecore.net/Visual-Studio-Intellisense"
  xmlns:asp="http://www.sitecore.net/microsoft/webcontrols"
  xmlns:html="http://www.sitecore.net/microsoft/htmlcontrols"
  xmlns:xsl="http://www.w3.org/1999/XSL/Transform">

  <Sitecore.Shell.Applications.MarketingAutomation.Dialogs.ActionEditors.LogIn
      x:inherits="Sitecore.Shell.Applications.MarketingAutomation.Dialogs.ActionEditors.LogIn, Sitecore.Client">

    <Sitecore.Controls.DialogPage Icon="Software/32x32/graph_edge_directed.png" runat="server" >

      <AjaxScriptManager runat="server" />
      <ContinuationManager runat="server" />

      <Style runat="server" x:placeholder="Stylesheets">
        .EntryGrid {
        padding:0px 4px 2px 2px;
        }

        .EntryGrid td {
        white-space:nowrap;
        }

        .InactiveRequired {
        margin : 0 0 0 5;
        }
      </Style>

      <GridPanel Class="EntryGrid" Columns="2" runat="server"  Margin="20 0 10 0">

        <Literal ID="DomainLiteral" runat="server" GridPanel.Align="right"/>
        <asp:DropDownList ID="DomainField" runat="server" GridPanel.Width="100%" Width="100%"/>
        
      </GridPanel>
      
    </Sitecore.Controls.DialogPage>

  </Sitecore.Shell.Applications.MarketingAutomation.Dialogs.ActionEditors.LogIn>

</xamlControls>
