<?xml version="1.0" encoding="UTF-8" ?>
<xamlControls 
  xmlns:x="http://www.sitecore.net/xaml"
  xmlns:ajax="http://www.sitecore.net/ajax"
  xmlns:rest="http://www.sitecore.net/rest"
  xmlns:javascript="http://www.sitecore.net/javascript"
  xmlns:r="http://www.sitecore.net/renderings"
  xmlns:xmlcontrol="http://www.sitecore.net/xmlcontrols"
  xmlns:p="http://schemas.sitecore.net/Visual-Studio-Intellisense"
  xmlns:asp="http://www.sitecore.net/microsoft/webcontrols"
  xmlns:html="http://www.sitecore.net/microsoft/htmlcontrols"
  xmlns:xsl="http://www.w3.org/1999/XSL/Transform">
  
  <Sitecore.Shell.Applications.Security.SelectAccount x:inherits="Sitecore.Shell.Applications.Security.SelectAccount.SelectAccountPage,Sitecore.Client">
    <Sitecore.Controls.DialogPage Header="Select an Account" Icon="People/32x32/users2.png" Text="Select a role or a user." runat="server">
      <x:register assembly="ComponentArt.Web.UI" namespace="ComponentArt.Web.UI"/>

      <Stylesheet Src="Grid.css" DeviceDependant="true" runat="server" />
      <AjaxScriptManager runat="server"/>
      <ContinuationManager runat="server" />

      <Script type="text/javascript" language="javascript" runat="server" x:placeholder="Scripts">
        <![CDATA[

        function Users_onDoubleClick(sender, eventArgs) {
          scForm.postRequest('','','','OK_Click');
        }

        function Roles_onDoubleClick(sender, eventArgs) {
          scForm.postRequest('','','','OK_Click');
        }

        function show(id) {
          scForm.browser.getControl("UsersPanel").parentNode.style.display = (id == "Users" ? "" : "none");
          scForm.browser.getControl("RolesPanel").parentNode.style.display = (id == "Roles" ? "" : "none");
          if(id == "Users") setTimeout("Users.render()", 25);
        }
        
        function scOnGridLoad(scHandler) {
          var users = $(Users.element);
          if (users.getHeight() > 0) {
            setTimeout("Users.render()", 25);            
          }
        }
        
        Event.observe(window, 'load', function() {
          var e = $("RolesPanel");
          var id = "";
          
          if (e.down() != null && e.down().down() != null) {
            id = "Roles";
          }
          else {
            id = "Users";
          }
          
          scForm.browser.getControl("UsersPanel").parentNode.style.display = (id == "Users" ? "" : "none");
          scForm.browser.getControl("RolesPanel").parentNode.style.display = (id == "Roles" ? "" : "none");
        });
        ]]>
      </Script>

      <GridPanel Height="100%" Width="100%" runat="server" id="MainPanel">
        <Border ID="AccountSelector" Padding="0px 0px 8px 0px" runat="server">
          <Groupbox Header="Account Type" runat="server">
            <Radiobutton Header="Roles" ID="RoleAccounts" Name="AccountType" Checked="true" Value="Role" runat="server" Click='javascript:show("Roles")' />
            <br/>            
            <Radiobutton Header="Users" ID="UserAccounts" Name="AccountType" Value="User" Click='javascript:show("Users")' runat="server" />
          </Groupbox>
        </Border>

        <Border runat="server" Height="100%" GridPanel.Height="100%" GridPanel.Row.ID="RolesPanel">
          <Grid id="Roles"
            RunningMode="Callback"
            CssClass="Grid"
                
            ShowHeader="true"
            HeaderCssClass="GridHeader"
            AutoFocusSearchBox="false"
            ManualPaging ="true"
            
            FooterCssClass="GridFooter"

            GroupByCssClass="GroupByCell"
            GroupByTextCssClass="GroupByText"
            GroupBySortAscendingImageUrl="group_asc.gif"
            GroupBySortDescendingImageUrl="group_desc.gif"
            GroupBySortImageWidth="10"
            GroupBySortImageHeight="10"

            GroupingNotificationTextCssClass="GridHeaderText"
            GroupingPageSize="5"
            
            PageSize="15"
            PagerStyle="Slider"
            PagerTextCssClass="GridFooterText"
      	    PagerButtonWidth="41"
      	    PagerButtonHeight="22"
            PagerImagesFolderUrl="/sitecore/shell/themes/standard/componentart/grid/pager/"
            
            ShowSearchBox="true"
            SearchTextCssClass="GridHeaderText"
            SearchBoxCssClass="SearchBox"
      	    
            SliderHeight="20"
            SliderWidth="150"
            SliderGripWidth="9"
            SliderPopupOffsetX="20"
            SliderPopupClientTemplateId="SliderTemplate"
            
            TreeLineImagesFolderUrl="/sitecore/shell/themes/standard/componentart/grid/lines/"
            TreeLineImageWidth="22"
            TreeLineImageHeight="19"
            
            PreExpandOnGroup="false"
            ImagesBaseUrl="/sitecore/shell/themes/standard/componentart/grid/"
            IndentCellWidth="22"

            LoadingPanelClientTemplateId="LoadingFeedbackTemplate"
            LoadingPanelPosition="MiddleCenter"
            
            Width="100%" Height="100%" runat="server">

            <Levels>
              <GridLevel
                DataKeyField="scGridID"
                ShowTableHeading="false"
                ShowSelectorCells="false"
                RowCssClass="Row"
                ColumnReorderIndicatorImageUrl="reorder.gif"
                DataCellCssClass="DataCell"
                HeadingCellCssClass="HeadingCell"
                HeadingCellHoverCssClass="HeadingCellHover"
                HeadingCellActiveCssClass="HeadingCellActive"
                HeadingRowCssClass="HeadingRow"
                HeadingTextCssClass="HeadingCellText"
                SelectedRowCssClass="SelectedRow"
                GroupHeadingCssClass="GroupHeading"
                SortAscendingImageUrl="asc.gif"
                SortDescendingImageUrl="desc.gif"
                SortImageWidth="13"
                SortImageHeight="13" runat="server">
                <Columns>
                  <GridColumn DataField="scGridID" Visible="false" IsSearchable="false" runat="server" />
                  <GridColumn DataField="Name" Visible="false" IsSearchable="false" runat="server" />
                  <GridColumn DataField="DisplayName" AllowSorting="false" AllowGrouping="false" IsSearchable="true" SortedDataCellCssClass="SortedDataCell" HeadingText="Role" runat="server" />
                </Columns>
              </GridLevel>
            </Levels>

            <ClientTemplates>
              <ClientTemplate Id="LoadingFeedbackTemplate" runat="server">
                <table cellspacing="0" cellpadding="0" border="0">
                  <tr>
                    <td style="font-size:10px;">
                      <Literal Text="Loading..." runat="server" />;
                    </td>
                    <td>
                      <img src="/sitecore/shell/themes/standard/componentart/grid/spinner.gif" width="16" height="16" border="0" />
                    </td>
                  </tr>
                </table>
              </ClientTemplate>

              <ClientTemplate Id="SliderTemplate" runat="server">
                <table class="SliderPopup" cellspacing="0" cellpadding="0" border="0">
                  <tr>
                    <td>
                      <div style="padding:4px;font:8pt tahoma;white-space:nowrap;overflow:hidden">## DataItem.GetMember('Name').Value ##</div>
                    </td>
                  </tr>
                  <tr>
                    <td style="height:14px;background-color:#666666;padding:1px 8px 1px 8px;color:white">
                      ## DataItem.PageIndex + 1 ## / ## Roles.PageCount ##
                    </td>
                  </tr>
                </table>
              </ClientTemplate>
            </ClientTemplates>
          </Grid>
        </Border>

        <Border runat="server" Height="100%" Width="100%"  GridPanel.Height="100%" GridPanel.Row.ID="UsersPanel" GridPanel.VAlign="top" id="UsersResizeContainer">
          <Grid id="Users"
            RunningMode="Callback"
            CssClass="Grid"
            FillContainer="true"
            ShowHeader="true"
            HeaderCssClass="GridHeader"
            AutoFocusSearchBox="false"
            
            FooterCssClass="GridFooter"

            GroupByCssClass="GroupByCell"
            GroupByTextCssClass="GroupByText"
            GroupBySortAscendingImageUrl="group_asc.gif"
            GroupBySortDescendingImageUrl="group_desc.gif"
            GroupBySortImageWidth="10"
            GroupBySortImageHeight="10"
            ManualPaging ="true"
            GroupingNotificationTextCssClass="GridHeaderText"
            GroupingPageSize="5"
            
            PageSize="15"
            PagerStyle="Slider"
            PagerTextCssClass="GridFooterText"
      	    PagerButtonWidth="41"
      	    PagerButtonHeight="22"
            PagerImagesFolderUrl="/sitecore/shell/themes/standard/componentart/grid/pager/"
            
            ShowSearchBox="true"
            SearchTextCssClass="GridHeaderText"
            SearchBoxCssClass="SearchBox"
      	    
            SliderHeight="20"
            SliderWidth="150"
            SliderGripWidth="9"
            SliderPopupOffsetX="20"
            SliderPopupClientTemplateId="SliderTemplate"
            
            TreeLineImagesFolderUrl="/sitecore/shell/themes/standard/componentart/grid/lines/"
            TreeLineImageWidth="22"
            TreeLineImageHeight="19"
            
            PreExpandOnGroup="false"
            ImagesBaseUrl="/sitecore/shell/themes/standard/componentart/grid/"
            IndentCellWidth="22"

            LoadingPanelClientTemplateId="LoadingFeedbackTemplate"
            LoadingPanelPosition="MiddleCenter"
            
            Width="100%" Height="100%" runat="server">

            <Levels>
              <GridLevel
                DataKeyField="scGridID"
                ShowTableHeading="false"
                ShowSelectorCells="false"
                RowCssClass="Row"
                ColumnReorderIndicatorImageUrl="reorder.gif"
                DataCellCssClass="DataCell"
                HeadingCellCssClass="HeadingCell"
                HeadingCellHoverCssClass="HeadingCellHover"
                HeadingCellActiveCssClass="HeadingCellActive"
                HeadingRowCssClass="HeadingRow"
                HeadingTextCssClass="HeadingCellText"
                SelectedRowCssClass="SelectedRow"
                GroupHeadingCssClass="GroupHeading"
                SortAscendingImageUrl="asc.gif"
                SortDescendingImageUrl="desc.gif"
                SortImageWidth="13"
                SortImageHeight="13" runat="server">
                <Columns runat="server">
                  <GridColumn DataField="scGridID" Visible="false" IsSearchable="false" runat="server"/>
                  <GridColumn DataField="Name" Visible="false" IsSearchable="false" runat="server"/>
                  <GridColumn DataField="Name" Visible="false" IsSearchable="false" runat="server"/>
                  <GridColumn DataField="Profile.Portrait" Visible="false" IsSearchable="false" runat="server"/>
                  <GridColumn DataField="Domain" Visible="false" AllowSorting="false" AllowGrouping="false" IsSearchable="false" SortedDataCellCssClass="SortedDataCell" HeadingText="Domain" runat="server" />
                  <GridColumn DataField="LocalName" AllowSorting="false" AllowGrouping="false" IsSearchable="true" SortedDataCellCssClass="SortedDataCell" HeadingText="Local Name" DataCellClientTemplateId="LocalNameTemplate" runat="server" />
                  <GridColumn DataField="DisplayName" AllowSorting="false" AllowGrouping="false" IsSearchable="false" SortedDataCellCssClass="SortedDataCell" HeadingText="Full Name" runat="server" />
                  <GridColumn DataField="Profile.Email" AllowSorting="false" AllowGrouping="false" IsSearchable="false" SortedDataCellCssClass="SortedDataCell" HeadingText="Email" runat="server" />
                  <GridColumn DataField="Profile.Comment" AllowSorting="false" AllowGrouping="false" IsSearchable="false" SortedDataCellCssClass="SortedDataCell" HeadingText="Comment" runat="server" />
                </Columns>
              </GridLevel>
            </Levels>

            <ClientTemplates>
              <ClientTemplate Id="LocalNameTemplate" runat="server">
                <img src="/~/icon/## DataItem.GetMember('Profile.Portrait').Value ##.aspx" width="16" height="16" border="0" alt="" align="absmiddle"/>
                ## DataItem.GetMember('LocalName').Value ##
              </ClientTemplate>

              <ClientTemplate Id="LoadingFeedbackTemplate" runat="server">
                <table cellspacing="0" cellpadding="0" border="0">
                  <tr>
                    <td style="font-size:10px;">
                      <Literal Text="Loading..." runat="server" />;
                    </td>
                    <td>
                      <img src="/sitecore/shell/themes/standard/componentart/grid/spinner.gif" width="16" height="16" border="0" />
                    </td>
                  </tr>
                </table>
              </ClientTemplate>

              <ClientTemplate Id="SliderTemplate" runat="server">
                <table class="SliderPopup" cellspacing="0" cellpadding="0" border="0">
                  <tr>
                    <td>
                      <div style="padding:4px;font:8pt tahoma;white-space:nowrap;overflow:hidden">## DataItem.GetMember('Name').Value ##</div>
                    </td>
                  </tr>
                  <tr>
                    <td style="height:14px;background-color:#666666;padding:1px 8px 1px 8px;color:white">
                      ## DataItem.PageIndex + 1 ## / ## Users.PageCount ##
                    </td>
                  </tr>
                </table>
              </ClientTemplate>
            </ClientTemplates>
          </Grid>
        </Border>

      </GridPanel>
      
    </Sitecore.Controls.DialogPage>
  </Sitecore.Shell.Applications.Security.SelectAccount>

</xamlControls>
                           