<?xml version="1.0" encoding="utf-8" ?> 
<control xmlns:def="Definition" xmlns="http://schemas.sitecore.net/Visual-Studio-Intellisense">
  <AboutSitecore>
    <FormPage Background="#e9e9e9">
      <CodeBeside Type="Sitecore.Shell.Applications.Dialogs.About.AboutForm,Sitecore.Client"/>
      
      <GridPanel Width="100%" Height="100%">

        <Scrollbox GridPanel.Height="394px" Border="none" Background="#e9e9e9">
          <GridPanel Width="100%" GridPanel.Style="padding:8px 16px 0px 16px">

          <Border ID="VersionInfo" GridPanel.VAlign="top" Style="font-weight:bold" Padding="0px 0px 8px 0px"/>

          <Literal Text="License:"/>

          <Scrollbox GridPanel.VAlign="top" Border="1px inset" GridPanel.Height="auto">
            <GridPanel CellPadding="2" Columns="2">
              <Literal Text="Licensed to:" GridPanel.NoWrap="true"/>
              <Literal ID="LicensedTo" GridPanel.Width="100%"/>

              <Literal Text="Company no:" GridPanel.NoWrap="true"/>
              <Literal ID="CompanyNo"/>

              <Literal Text="Address:" GridPanel.NoWrap="true"/>
              <Literal ID="Address"/>

              <Literal Text="Version:" GridPanel.NoWrap="true"/>
              <Literal ID="Version"/>

              <Literal Text="Expiration:" GridPanel.NoWrap="true"/>
              <Literal ID="Expiration"/>

              <Literal Text="Purpose:" GridPanel.NoWrap="true"/>
              <Literal ID="Purpose"/>

              <Literal Text="For use at:" GridPanel.NoWrap="true"/>
              <Literal ID="ForUseAt"/>

              <Literal Text="Reseller:" GridPanel.NoWrap="true"/>
              <Literal ID="Reseller"/>

              <Border ID="LicenseAgreement" GridPanel.ColSpan="2">
              </Border>

            </GridPanel>
          </Scrollbox>

          <Literal Text="Copyright:" GridPanel.Style="padding:8px 0px 0px 0px"/>

          <Scrollbox ID="Copyright" GridPanel.VAlign="top" Border="1px inset" GridPanel.Height="80">
            <Literal Text="Portions of #ziplib by Mike Krueger (c) 2000-2002. All rights reserved. CSS Editor by Hsun-Cheng Hu (http://home.kimo.com.tw/huchengtw/en/index.html). R.A.D. HTML Editor by Telerik (c) Copyright 2002 - 2006."/>
          </Scrollbox>

          <Literal Text="Additional Information:" GridPanel.Style="padding:8px 0px 0px 0px" />
          <Scrollbox ID="AdditionalInfoContainer" GridPanel.VAlign="top" Border="1px inset" GridPanel.Height="50">
            <Literal ID="AdditionalInfo" />
          </Scrollbox>

          <Border Padding="8px 0px 0px 0px">
            <Literal Text="Visit the Sitecore homepage at" Padding="0px 0.5em 0px 0px"/><a href="http://www.sitecore.net" target="_blank">www.sitecore.net</a>.
          </Border>

          <Border Padding="8px 0px 0px 0px">
            <Literal ID="Warning" />
          </Border>

        </GridPanel>
        </Scrollbox>
        
        <Border Padding="0px 16px 0px 16px" GridPanel.Height="8">
          <hr/>
        </Border>

        <Border Padding="0px 16px 0px 16px" GridPanel.Height="32">
          <Border Align="right" Padding="0px 0px 4px 8px" NoWrap="NoWrap" Height="34">
            <Button ID="OK" Width="80" Height="25" Click="#"><Literal Text="Close"/></Button>
          </Border>
        </Border>

      </GridPanel>
        
    </FormPage>
  </AboutSitecore>
</control>
