<?xml version="1.0" encoding="utf-8" ?> 
<control xmlns:def="Definition" xmlns="http://schemas.sitecore.net/Visual-Studio-Intellisense" xmlns:shell="http://www.sitecore.net/shell">
  <Gallery.Find>
    <Gallery>
      <CodeBeside Type="Sitecore.Shell.Applications.ContentManager.Galleries.Find.GalleryFindForm,Sitecore.Client"/>
      <Script Src="/sitecore/shell/Applications/Content Manager/Galleries/Find/Gallery Find.js" />
      <Stylesheet Src="Gallery Find.css" DeviceDependant="true" />

      <GridPanel Width="100%" Height="100%" Columns="3" Fixed="true">

        <Border Padding="0px 0px 0px 0px" GridPanel.Width="100%" GridPanel.ColSpan="3">
          <input id="Query" type="text" class="scFindInput" onchange="javascript:scFind.onChange()" onkeyup="javascript:scFind.onChange()" oncut="javascript:scFind.onChange()" onpaste="javascript:scFind.onChange()" GridPanel.Width="100%"/>
        </Border>

        <GalleryMenuLine GridPanel.Height="2" GridPanel.ColSpan="3" />

        <Scrollbox ID="Results" Height="100%" GridPanel.Height="100%" GridPanel.ColSpan="3">
          <Literal Text="Please enter a search query above."/>
        </Scrollbox>

        <GalleryMenuLine GridPanel.Height="2" GridPanel.ColSpan="3" />

        <Gallery.Grip GridPanel.ColSpan="3" GridPanel.Height="10"/>
        
      </GridPanel>
      
    </Gallery>
  </Gallery.Find>
</control>
