<?xml version="1.0" encoding="utf-8" ?> 
<control xmlns:def="Definition" xmlns="http://schemas.sitecore.net/Visual-Studio-Intellisense">
  <Boost>
    <WizardForm CodeBeside="Sitecore.Shell.Applications.Dialogs.Boost.BoostForm,Sitecore.Client">
      
      <WizardFormFirstPage ID="FirstPage" Icon="People/48x48/Users_into.png">
        <Literal Text="This wizard helps you:"/>
        <ul>
          <li class="scWizardBullet"><Literal Text="Display information about current boosts."/></li>
          <li class="scWizardBullet"><Literal Text="Select a number of users to boost."/></li>
          <li class="scWizardBullet"><Literal Text="Send boost request to Sitecore."/></li>
        </ul>
      </WizardFormFirstPage>
      
      <WizardFormPage ID="CurrentBoosts" Header="Current boosts" Text="Please review the current boosts below. When ready, click Next to continue." Icon="People/48x48/Users_into.png">
        <Border ID="Info" Padding="4px 8px 4px 32px"/>
      </WizardFormPage>

      <WizardFormPage ID="Settings" Header="Settings" Text="Please select settings for boosting. When ready, click Next to boost." Icon="People/48x48/Users_into.png">
        <GridPanel Columns="3" Width="100%" CellPadding="4">
          <Space Width="24"/>
          <Literal Text="Number of users to add:" GridPanel.Align="right" GridPanel.NoWrap="true"/>
          <Edit ID="Number" Value="5" Width="100%" GridPanel.Width="100%" Change="boost:changed"/>
        
          <Space Width="24"/>
          <Literal Text="Send confirmation email to:" GridPanel.Align="right" GridPanel.NoWrap="true"/>
          <Edit ID="Email" Width="100%" GridPanel.Width="100%" Change="boost:changed"/>
        </GridPanel>
      </WizardFormPage>

      <WizardFormPage ID="Boosting" Header="Boosting" Text="Please wait while boosting..." Icon="People/48x48/Users_into.png">
        <GridPanel Width="100%">
          <Space Height="64"/>
          
          <ThemedImage Src="People/32x32/Users_into.png" Width="48" Height="48" GridPanel.Align="center"/>

          <Space Height="16"/>
          
          <ThemedImage Src="Images/Progress.gif" Width="94" Height="17" GridPanel.Align="center"/>

          <Space Height="16"/>
          
          <Literal Text="Boosting..." GridPanel.Align="center"/>
          
        </GridPanel>
      </WizardFormPage>

      <WizardFormPage ID="Results" Header="Current boosts" Text="Please review the current boosts below. When ready, click Next to continue." Icon="People/48x48/Users_into.png">
        <Literal ID="Result" Padding="4px 8px 4px 32px"/>
      </WizardFormPage>

      <WizardFormLastPage ID="LastPage" Icon="People/48x48/Users_into.png">
        <Literal Text="The wizard has completed. Click the Finish button to close the Wizard."/>
      </WizardFormLastPage>
      
    </WizardForm>
  </Boost>
</control>
