﻿<?xml version="1.0" encoding="utf-8" ?>
<control xmlns:def="Definition">
  <Installer.Preview>
    <FormPage>
      <Stylesheet Src="Ribbon.css" DeviceDependant="true"/>
      <Stylesheet Src="Content Manager.css" DeviceDependant="true"/>
      <Script Src="/sitecore/shell/Applications/Content Manager/Content Editor.js"/>
      <script language="javascript">
        scForm.browser.attachEvent(window, 'onload', function() { scForm.invoke('preview:prepare'); });
      </script>

      <CodeBeside Type="Sitecore.Shell.Applications.Install.Preview, Sitecore.Client"/>

      <input type="hidden" id="__ActiveRibbonStrip" name="__ActiveRibbonStrip" />

      <GridPanel Width="100%" Height="100%" Background="white" CellPadding="0" CellSpacing="0">

        <Border GridPanel.Row.Height="20px" ID="RibbonFrame" GridPanel.Height="0px" GridPanel.Style="border:solid 1px black"/>

        <Border Width="100%" Height="100%">
          <Border ID="SplashFrame" GridPanel.Style="padding:1px;" Width="100%" Height="100%">
            <GridPanel Width="100%" Style="vertical-align:middle">
              <Space Height="64"/>

              <ThemedImage Src="People/48x48/Box_View.png" Width="48" Height="48" GridPanel.Align="center"/>

              <Space Height="16"/>

              <Border Align="center">
                <ThemedImage Src="Images/progress.gif" Width="94" Height="17"/>
              </Border>

              <Space Height="16"/>

              <Border ID="PublishingText" Align="center" GridPanel.Align="center" GridPanel.Style="font-weight:bold">
                <Literal Text="Generating preview information..."/>
              </Border>

            </GridPanel>
          </Border>

          <Border ID="ViewerFrame" Style="display:none" Width="100%" Height="100%">
            <Installer.PackageViewer ID="Viewer"/>
          </Border>
        </Border>

        <GridPanel ID="StatusBar" Width="100%" GridPanel.Row.Height="20px" Background="white" Columns="2" CellPadding="1">
          <Border Border="solid 1px silver" >
            <Literal ID="StatusText" Text="" Style="padding:1px"/>
          </Border>
        </GridPanel>

      </GridPanel>

    </FormPage>
  </Installer.Preview>
</control>