<?xml version="1.0" encoding="UTF-8" ?>
<xamlControls 
  xmlns:x="http://www.sitecore.net/xaml"
  xmlns:ajax="http://www.sitecore.net/ajax"
  xmlns:rest="http://www.sitecore.net/rest"
  xmlns:javascript="http://www.sitecore.net/javascript"
  xmlns:r="http://www.sitecore.net/renderings"
  xmlns:xmlcontrol="http://www.sitecore.net/xmlcontrols"
  xmlns:p="http://schemas.sitecore.net/Visual-Studio-Intellisense"
  xmlns:asp="http://www.sitecore.net/microsoft/webcontrols"
  xmlns:html="http://www.sitecore.net/microsoft/htmlcontrols"
  xmlns:xsl="http://www.w3.org/1999/XSL/Transform">
  
  <Sitecore.Shell.Applications.Security.SetOwner x:inherits="Sitecore.Shell.Applications.Security.SetOwner.SetOwnerPage,Sitecore.Client">
    <Sitecore.Controls.DialogPage Header="Change Ownership" Icon="Applications/32x32/document_certificate.png" Text="Change the owner of the item." runat="server">
      <AjaxScriptManager runat="server"/>
      <ContinuationManager runat="server" />

      <GridPanel Width="100%" runat="server" CellPadding="1">

        <Literal Text="Current Owner:" runat="server" />
        <asp:TextBox ID="CurrentOwner" runat="server" Width="100%" ReadOnly="true" style="background:#e9e9e9" OnClick="javascript:this.select();return false"/>

        <Border runat="server" Padding="8px 0px 0px 0px">
          <Literal Text="Change Owner To :" runat="server" />
        </Border>
        <GridPanel Columns="2" Width="100%" runat="server">
          <Border runat="server" GridPanel.Width="100%" Padding="0px 4px 0px 0px">
            <asp:TextBox ID="ChangeOwner" runat="server" Width="100%"/>
          </Border>
          <Button ID="Browse" runat="server" Click="Browse_Click" Header="Browse" />
        </GridPanel>


      </GridPanel>
      
    </Sitecore.Controls.DialogPage>
  </Sitecore.Shell.Applications.Security.SetOwner>

</xamlControls>
                           