<?xml version="1.0" encoding="utf-8" ?> 
<control xmlns:def="Definition" xmlns="http://schemas.sitecore.net/Visual-Studio-Intellisense">
  <Databases.CleanUp>
    <WizardForm CodeBeside="Sitecore.Shell.Applications.Databases.CleanUp.CleanUpForm,Sitecore.Client">

      <WizardFormFirstPage ID="FirstPage" Icon="Business/32x32/data_ok.png">
        <Border Class="scWizardWelcomeTitle"><Literal ID="Welcome" Text="Welcome to the Clean Up Databases Wizard."/></Border>
        <Literal Text="This wizard helps you:"/>
        <ul>
          <li class="scWizardBullet"><Literal Text="Select the databases to clean up."/></li>
          <li class="scWizardBullet"><Literal Text="Clean up the databases."/></li>
        </ul>              
      </WizardFormFirstPage>
      
      <WizardFormPage ID="Databases" Header="Select Databases" Text="Select the databases that you want to clean up. Click Clean to clean up the databases." Icon="Business/32x32/data_ok.png">
        <WizardFormIndent>
        
          <Groupbox ID="DatabasesPanel" Header="Databases to clean up" Margin="0px 0px 16px 0px">
            <Border Padding="4px" ID="DatabasesList"/>
          </Groupbox>
          
        </WizardFormIndent>
      </WizardFormPage>
    
      <WizardFormPage ID="Cleaning" Header="Cleaning Up" Text="Please wait while cleaning up..." Icon="Business/32x32/data_ok.png">
        <GridPanel Width="100%">
          
          <Space Height="64"/>
          
          <ThemedImage Src="Business/48x48/data_ok.png" Width="48" Height="48" GridPanel.Align="center"/>

          <Space Height="16"/>
          
          <Border Align="center">
            <ThemedImage Src="Images/progress.gif" Width="94" Height="17"/>
          </Border>
          
          <Space Height="16"/>
          
          <Border ID="Text" Align="center" GridPanel.Align="center" GridPanel.Style="font-weight:bold">
            <Literal Text="Cleaning Up..."/>
          </Border>
          <Space Height="16"/>
          <Border ID="Status" Align="center" GridPanel.Align="center">
            &#160;
          </Border>
          
        </GridPanel>
      </WizardFormPage>

      <WizardFormPage ID="Retry" Header="Error" Text="An error occurred while cleaning up." Icon="Business/32x32/data_ok.png">
        <WizardFormPadding>
          <GridPanel Width="100%" Height="100%" Fixed="true">
            <Memo ID="ErrorText" ReadOnly="true" Width="100%" Height="100%"/>
          </GridPanel>
        </WizardFormPadding>
      </WizardFormPage>

      <WizardFormLastPage ID="LastPage" Icon="Business/32x32/data_ok.png">
        <GridPanel Cellpadding="2" Width="100%" Height="100%" Fixed="true">
        
          <Border GridPanel.Style="padding:0px 0px 16px 0px; font-weight:bold"><Literal Text="The wizard has completed. Click Finish to close the wizard."/></Border>
          
          <Border GridPanel.Style="padding:0px 0px 2px 0px">
            <Literal Text="Result:"/>
          </Border>
          
          <Memo ID="ResultText" ReadOnly="true" Width="100%" Height="100%" GridPanel.Height="100%"/>
          
        </GridPanel>
      </WizardFormLastPage>

    </WizardForm>
  </Databases.CleanUp>
</control>
