<?xml version="1.0" encoding="utf-8" ?> 
<control xmlns:def="Definition" xmlns="http://schemas.sitecore.net/Visual-Studio-Intellisense">
  <FileExplorer>
    <FormPage Application="Files/FileExplorer">
      <CodeBeside Type="Sitecore.Shell.Applications.Files.FileExplorer.FileExplorerForm,Sitecore.Client"/>

      <DataContext ID="FileExplorerDataContext" DataContext="FilteredFileExplorerDataContext" DefaultItem="/" ShowRoot="true"/>
      <DataContext ID="FilteredFileExplorerDataContext" DataContext="FileExplorerDataContext" DefaultItem="/" Filter="Contains('${Sitecore.Data.DataProviders.FileSystemDataProvider.FolderID.ToString()}', @@templateid)"/>
        
      <Action ID="FoldersAction"/>
      <UpAction ID="UpAction" DataContext="FileExplorerDataContext"/>
      
      <ContextMenu ID="TreeContextMenu">
        <MenuItem Icon="Applications/16x16/refresh.png" Header="Refresh" Click="FileTreeview.Refresh" />
      </ContextMenu>

      <ContextMenu ID="ContextMenu">
        <MenuItem Icon="Applications/16x16/folder_up.png" Header="Up" Action="UpAction" Click="OnMoveUp" />
        <MenuDivider/>
        <MenuItem Icon="Applications/16x16/delete2.png" Header="Delete" Click="OnDelete" />
        <MenuItem Icon="Core/16x16/compress16.png" Header="Add to Zip archive" Click="OnZip" />
        <MenuDivider/>
        <ListviewViewsMenuItems Listview="FileExplorer"/>
      </ContextMenu>
      
      <GridPanel Width="100%" Height="100%">
        
        <AutoToolbar DataSource="/sitecore/content/Applications/Files/FileExplorer/Toolbar 1"/>
        <AutoToolbar DataSource="/sitecore/content/Applications/Files/FileExplorer/Toolbar 2"/>
        
        <Border Height="100%" Width="100%" GridPanel.Height="100%" Background="white">
        
          <GridPanel ID="Body" Columns="3" Width="100%" Height="100%" Fixed="true" Style="table-layout:fixed">
        
            <Scrollbox ID="Folders" Width="100%" Height="100%" Background="window" Border="none" Padding="0px" GridPanel.ID="FoldersPane" GridPanel.Width="200">
              <TreeviewEx ID="FileTreeview" DataContext="FilteredFileExplorerDataContext" MultiSelect="False" Root="true" AllowDragging="false" ContextMenu="show:TreeContextMenu" Click="fileexplorer:refresh" />
            </Scrollbox>
            
            <VSplitter ID="FileExplorerLeft" GridPanel.Width="4" Target="left" GridPanel.Style="background:#8595a4; display:expression(previousSibling.style.display)"/>

            <Scrollbox Width="100%" Height="100%" Background="window" Border="none" Padding="0" ContextMenu="show:ContextMenu">
              <DataListview ID="FileExplorer" DataContext="FileExplorerDataContext" DblClick="Open" AllowDragging="false">
                <ListviewHeader>
                  <ListviewHeaderItem Name="name" Header="Name"/>
                  <ListviewHeaderItem Name="size" Header="Size"/>
                  <ListviewHeaderItem Name="modified" Header="Date Modified"/>
                </ListviewHeader>
              </DataListview>
            </Scrollbox>
          
          </GridPanel>
          
        </Border>
        
      </GridPanel>
    </FormPage>
  </FileExplorer>
</control>
