<?xml version="1.0" encoding="utf-8" ?>
<control xmlns:def="Definition" xmlns="http://schemas.sitecore.net/Visual-Studio-Intellisense">
  <ContentEditor.Properties>
    <FormDialog Icon="Applications/32x32/document_gear.png" Header="Properties" Text="View some properties of the current item." CancelButton="false">
      <Stylesheet Src="/sitecore/shell/Applications/Content Manager/Dialogs/Properties/Properties.css" />
      <CodeBeside Type="Sitecore.Shell.Applications.ContentManager.Dialogs.Properties.PropertiesForm,Sitecore.Client"/>
      
      <GridPanel Height="100%" Width="100%" Fixed="true">
        <Scrollbox Class="scScrollbox scFixSize scFixSize12" Height="100%" GridPanel.Height="100%" Padding="0px">
          <Border ID="Summary" Padding="4px" />
        </Scrollbox>
      </GridPanel>
    </FormDialog>
  </ContentEditor.Properties>
</control>            
