<?xml version="1.0" encoding="utf-8" ?> 
<control xmlns:def="Definition" xmlns="http://schemas.sitecore.net/Visual-Studio-Intellisense">
  <Attach>
    <FormDialog Icon="Business/32x32/Paperclip.png" FormTarget="sitecoreattach" Enctype="multipart/form-data" Header="Attach a File" 
      Text="Select a file. When done click the Attach button." OKButton="Attach">

      <CodeBeside Type="Sitecore.Shell.Applications.Dialogs.Attach.AttachForm,Sitecore.Client"/>

      <Script Key="Upload">
        
        function submit() {
          try {
            document.forms[0].submit();
          }
          catch(e) {
            scForm.invoke("ShowError");
          }
        }

      </Script>

      <input id="ItemUri" name="ItemUri" type="hidden" value=""/>
      <input id="FieldID" name="FieldID" type="hidden" value=""/>

      <Border Padding="0px 0px 4px 0px">
        <Literal Text="Filename:" />
      </Border>

      <input id="File" name="File" type="file" style="width:100%" />
      
    </FormDialog>
  </Attach>
</control>
