<?xml version="1.0" encoding="utf-8" ?> 
<control xmlns:def="Definition" xmlns="http://schemas.sitecore.net/Visual-Studio-Intellisense">
  <UntranslatedFields>
    <WizardForm Application="Globalization/Untranslated Fields" CodeBeside="Sitecore.Shell.Applications.Globalization.UntranslatedFields.UntranslatedFieldsForm,Sitecore.Client">

      <WizardFormFirstPage ID="FirstPage" Icon="Network/32x32/Earth_delete.png">
        <Border Class="scWizardWelcomeTitle"><Literal ID="Welcome" Text="Welcome to the Untranslated Fields Wizard."/></Border>
        <Literal Text="This wizard helps you:"/>
        <ul>
          <li class="scWizardBullet"><Literal Text="Select the languages to scan."/></li>
          <li class="scWizardBullet"><Literal Text="Select where to start the scan."/></li>
          <li class="scWizardBullet"><Literal Text="Scan and generate the report."/></li>
        </ul>
      </WizardFormFirstPage>
      
      <WizardFormPage ID="Languages" Header="Select Languages" Text="Select the languages that you want to scan. Click Next to continue." Icon="Network/32x32/Earth_Delete.png">
        <WizardFormIndent>
        
          <Groupbox ID="LanguagesPanel" Header="Languages" Margin="0px 0px 16px 0px">
            <Border Padding="4" ID="LanguageList"/>
          </Groupbox>
          
        </WizardFormIndent>
      </WizardFormPage>
    
      <WizardFormPage ID="Start" Header="Starting Point" Text="Select the item from where you want to start scanning. Click Scan to start scanning." Icon="Network/32x32/Earth_Delete.png">
        <WizardFormIndent>
          <DataContext ID="DataContext" Root="/" Folder="/sitecore/content" DataViewName="Master"/>
          
          <GridPanel Width="100%" Height="100%">

            <Literal Text="Select the Sitecore item."/>
            
            <Scrollbox Width="100%" Height="100%" GridPanel.Height="100%" Padding="0" ContextMenu="Root.GetContextMenu">
              
              <TreeviewEx ID="Root" DataContext="DataContext"/>
            
            </Scrollbox>
            
          </GridPanel>
        </WizardFormIndent>
      </WizardFormPage>
    
      <WizardFormPage ID="Scanning" Header="Scanning." Text="Please wait while scanning..." Icon="Network/32x32/Earth_Delete.png">
        <GridPanel Width="100%">
          
          <Space Height="64"/>
          
          <ThemedImage Src="Network/48x48/Earth_Delete.png" Width="48" Height="48" GridPanel.Align="center"/>

          <Space Height="16"/>
          
          <Border Align="center">
            <ThemedImage Src="Images/progress.gif" Width="94" Height="17"/>
          </Border>
          
          <Space Height="16"/>
          
          <Border ID="Text" Align="center" GridPanel.Align="center" GridPanel.Style="font-weight:bold">
            <Literal Text="Scanning..."/>
          </Border>
          <Space Height="16"/>
          <Border ID="Status" Align="center" GridPanel.Align="center">
            &#160;
          </Border>
          
        </GridPanel>
      </WizardFormPage>

      <WizardFormPage ID="Retry" Header="Error" Text="An error occurred while scanning." Icon="Network/32x32/Earth_Delete.png">
        <WizardFormPadding>
          <GridPanel Width="100%" Height="100%" Fixed="true">
            <Memo ID="ErrorText" ReadOnly="true" Width="100%" Height="100%"/>
          </GridPanel>
        </WizardFormPadding>
      </WizardFormPage>

      <WizardFormLastPage ID="LastPage" Icon="Network/32x32/Earth_Delete.png">
        <GridPanel Cellpadding="2" Width="100%" Height="100%" Fixed="true">
        
          <Border GridPanel.Style="padding:0px 0px 16px 0px; font-weight:bold"><Literal Text="The wizard has completed. Click Finish to close the wizard."/></Border>
          
          <Border GridPanel.Style="padding:0px 0px 2px 0px">
            <Literal Text="Result:"/>
          </Border>
          
          <Memo ID="ResultText" ReadOnly="true" Width="100%" Height="100%" GridPanel.Height="100%"/>
          
        </GridPanel>
      </WizardFormLastPage>

    </WizardForm>
  </UntranslatedFields>
</control>
