<?xml version="1.0" encoding="utf-8" ?> 
<control xmlns:def="Definition" xmlns="http://schemas.sitecore.net/Visual-Studio-Intellisense">
  <UntranslatedFieldsViewer>
    <FormPage>
      <CodeBeside Type="Sitecore.Shell.Applications.Globalization.UntranslatedFields.UntranslatedFieldsViewerForm,Sitecore.Client"/>

      <Stylesheet Src="/sitecore/shell/Applications/Search/Search.css"/>

      <Scrollbox ID="Report" Border="none" Height="100%" GridPanel.Height="100%">
        <Border ID="FullyTranslated" Visible="false" Padding="32px 0px 0px 0px" FontName="Verdana" FontSize="10pt" FontBold="true" Foreground="#666666" Align="center">
          <Literal Text="The database does not contain any untranslated fields in the selected language."/>
        </Border>
      
      </Scrollbox>
    </FormPage>
  </UntranslatedFieldsViewer>
</control>
