<?xml version="1.0" encoding="UTF-8" ?>
<xamlControls 
  xmlns:x="http://www.sitecore.net/xaml"
  xmlns:ajax="http://www.sitecore.net/ajax"
  xmlns:rest="http://www.sitecore.net/rest"
  xmlns:javascript="http://www.sitecore.net/javascript"
  xmlns:r="http://www.sitecore.net/renderings"
  xmlns:xmlcontrol="http://www.sitecore.net/xmlcontrols"
  xmlns:p="http://schemas.sitecore.net/Visual-Studio-Intellisense"
  xmlns:asp="http://www.sitecore.net/microsoft/webcontrols"
  xmlns:html="http://www.sitecore.net/microsoft/htmlcontrols"
  xmlns:xsl="http://www.w3.org/1999/XSL/Transform">
  
  <Sitecore.Shell.Applications.ContentEditor.Dialogs.FixHtml x:inherits="Sitecore.Shell.Applications.ContentEditor.Dialogs.FixHtml.FixHtmlPage,Sitecore.Client">
    <Sitecore.Controls.DialogPage Header="Suggest Fix" Icon="Applications/32x32/check.png" Text="Review the suggested fix. Click Accept to use the modified text." OKButton="Accept" runat="server">
      <x:register assembly="ComponentArt.Web.UI" namespace="ComponentArt.Web.UI" />

      <AjaxScriptManager runat="server"/>
      <ContinuationManager runat="server" />

      <Stylesheet Src="Content Manager.css" DeviceDependant="true" x:placeholder="Stylesheets" runat="server" />

      <Style runat="server" x:placeholder="Stylesheets">
        .TabStrip {
        position:relative;
        top:2px;
        z-index:1;
        }

        .DefaultTab {
        color:black;
        background-image: url(/sitecore/shell/themes/standard/ComponentArt/Tabstrip/tab_bg.gif);
        font-family:Tahoma;
        font-size:8pt;
        cursor:default;
        }

        .DefaultTabHover {
        color:black;
        background-image: url(/sitecore/shell/themes/standard/ComponentArt/Tabstrip/hover_tab_bg.gif);
        font-family:Tahoma;
        font-size:8pt;
        cursor:default;
        }

        .SelectedTab {
        color:black;
        background-image: url(/sitecore/shell/themes/standard/ComponentArt/Tabstrip/selected_tab_bg.gif);
        font-family:Tahoma;
        font-size:8pt;
        cursor:default;
        }

        .MultiPage {
        background-color:White;
        border: 1px solid #919B9C;
        width:100%;
        height:100%;
        }

        .PageContent {
        background:#fbfbfb;
        }

      </Style>
      
      <table width="100%" height="100%" cellpadding="0" cellspacing="0" border="0">
        <tr>
          <td style="padding:0px 0px 8px 0px">
            <Literal Text="This field may contain HTML errors. Accepting the suggested corrections can remove HTML tags and attributes.  This can result in the loss of formatting and/or functionality.  Please review the suggested corrections carefully." runat="server" />
          </td>
        </tr>
        <tr>
          <td>
            <TabStrip id="TabStrip"
              CssClass="TabStrip"
              DefaultItemLookId="DefaultTabLook"
              DefaultSelectedItemLookId="SelectedTabLook"
              DefaultDisabledItemLookId="DisabledTabLook"
              DefaultGroupTabSpacing="0"
              ImagesBaseUrl="/sitecore/shell/themes/standard/ComponentArt/TabStrip/"
              MultiPageId="MultiPage"
              runat="server">
              <ItemLooks>
                <ItemLook LookId="DefaultTabLook" CssClass="DefaultTab" HoverCssClass="DefaultTabHover" LabelPaddingLeft="10" LabelPaddingRight="10" LabelPaddingTop="5" LabelPaddingBottom="4" LeftIconUrl="tab_left_icon.gif" RightIconUrl="tab_right_icon.gif" HoverLeftIconUrl="hover_tab_left_icon.gif" HoverRightIconUrl="hover_tab_right_icon.gif" LeftIconWidth="3" LeftIconHeight="21" RightIconWidth="3" RightIconHeight="21" runat="server" />
                <ItemLook LookId="SelectedTabLook" CssClass="SelectedTab" LabelPaddingLeft="10" LabelPaddingRight="10" LabelPaddingTop="4" LabelPaddingBottom="4" LeftIconUrl="selected_tab_left_icon.gif" RightIconUrl="selected_tab_right_icon.gif" LeftIconWidth="3" LeftIconHeight="21" RightIconWidth="3" RightIconHeight="21" runat="server" />
              </ItemLooks>
              <Tabs>
                <TabStripTab Text="Text" runat="server" />
                <TabStripTab Text="Html" runat="server" />
              </Tabs>
            </TabStrip>
          </td>
        </tr>

        <tr>
          <td height="100%">
              <MultiPage id="MultiPage" CssClass="MultiPage" runat="server">
                <PageViews>
                  <PageView CssClass="PageContent" runat="server">
                    
                    <GridPanel Columns="2" CellPadding="4" Width="100%" Height="100%" Style="table-layout:fixed" runat="server">

                      <Border runat="server">
                        <span style="color:#333333">
                          <Literal Text="Original Text" runat="server" />
                        </span>
                        :
                        <Literal ID="OriginalErrorCount" runat="server" />
                      </Border>
                      <Border runat="server">
                        <span style="color:#333333">
                          <Literal Text="Corrected Text" runat="server" />
                        </span>
                        :
                        <Literal ID="FixedErrorCount" runat="server" />
                      </Border>

                      <Border GridPanel.Colspan="2" GridPanel.Height="100%" GridPanel.Style="width:100%;heigth:100%" Class="scFixSize" Height="100%" runat="server" ID="ScrollBorder" style="border:none">
                        <GridPanel Columns="2" CellPadding="4" Width="100%" Height="100%" runat="server">
                          <Border runat="server" GridPanel.Height="100%" style="height:100%" Class="TextBorder">
                            <Scrollbox ID="Original" Border="1px solid #999999" GridPanel.Height="100%" Height="100%" runat="server" style="width:inherit; padding:4px;" />
                          </Border>
                          
                          <Border runat="server" GridPanel.Height="100%" Height="100%" Class="TextBorder">
                            <Scrollbox ID="Fixed" Border="1px solid #999999" GridPanel.Height="100%" Height="100%" runat="server" style="width:inherit; padding:4px;" />
                          </Border>
                        </GridPanel>
                      </Border>

                      <Border GridPanel.Style="padding:0px 4px 4px 6px" GridPanel.Width="50%" runat="server">
                        <a href="#" class="scContentButton" onclick="javascript:scForm.postRequest('','','','ViewOriginalErrors')">
                          <Literal Text="View Errors" runat="server" />
                        </a>
                      </Border>

                      <Border GridPanel.Style="padding:0px 4px 4px 6px" GridPanel.Width="50%" runat="server">
                        <a href="#" class="scContentButton" onclick="javascript:scForm.postRequest('','','','ViewFixedErrors')">
                          <Literal Text="View Errors" runat="server" />
                        </a>
                      </Border>

                    </GridPanel>

                  </PageView>
                  <PageView CssClass="PageContent" runat="server">

                    <GridPanel Columns="2" CellPadding="4" Width="100%" Height="100%" Style="table-layout:fixed" runat="server">

                      <Border runat="server">
                        <span style="color:#333333">
                          <Literal Text="Original Html" runat="server" />
                        </span>
                        :
                        <Literal ID="OriginalErrorCount2" runat="server" />
                      </Border>
                      <Border runat="server">
                        <span style="color:#333333">
                          <Literal Text="Corrected Html" runat="server" />
                        </span>
                        :
                        <Literal ID="FixedErrorCount2" runat="server" />
                      </Border>

                      <Memo ID="OriginalMemo" ReadOnly="true" GridPanel.Height="100%" Height="100%" Width="100%" runat="server" />

                      <Memo ID="FixedMemo" ReadOnly="true" GridPanel.Height="100%" Height="100%" Width="100%" runat="server" />

                      <Border GridPanel.Style="padding:0px 4px 4px 6px" GridPanel.Width="50%" runat="server">
                        <a href="#" class="scContentButton" onclick="javascript:scForm.postRequest('','','','ViewOriginalErrors')">
                          <Literal Text="View Errors" runat="server" />
                        </a>
                      </Border>

                      <Border GridPanel.Style="padding:0px 4px 4px 6px" GridPanel.Width="50%" runat="server">
                        <a href="#" class="scContentButton" onclick="javascript:scForm.postRequest('','','','ViewFixedErrors')">
                          <Literal Text="View Errors" runat="server" />
                        </a>
                      </Border>

                    </GridPanel>

                  </PageView>

                </PageViews>
              </MultiPage>
          </td>
        </tr>
      </table>
    </Sitecore.Controls.DialogPage>  
  </Sitecore.Shell.Applications.ContentEditor.Dialogs.FixHtml>

</xamlControls>
                           
