<?xml version="1.0" encoding="utf-8" ?>
<control xmlns:def="Definition" xmlns="http://schemas.sitecore.net/Visual-Studio-Intellisense">
  <Sitecore.Shell.Applications.Dialogs.SelectRendering>
    <FormDialog ID="Dialog" Icon="Core/32x32/open_document.png" Header="Open Item" 
      Text="Select the item that you wish to open. Then click the Open button." OKButton="Open">

      <CodeBeside Type="Sitecore.Shell.Applications.Dialogs.SelectRendering.SelectRenderingForm,Sitecore.Client"/>

      <DataContext ID="DataContext" Root="/"/>

      <GridPanel Width="100%" Height="100%" Style="table-layout:fixed">
        <Scrollbox ID="Items" Width="100%" Height="100%" Background="white" Border="1px inset" Padding="0" GridPanel.Height="100%">

          <TreeviewEx ID="Treeview" DataContext="DataContext" ShowRoot="true" DblClick="OK_Click" Click="Treeview_Click" ContextMenu='Treeview.GetContextMenu("contextmenu")' />
          
        </Scrollbox>

        <Border ID="Help" Height="48px" style="border:1px inset" Background="white" Margin="4px 0px 0px 0px" Padding="2px">
          <Border style="color:#999999" align="center">
            <i>
              <Literal Text="Please select a rendering." />
            </i>
          </Border>
        </Border>

        <Border ID="PlaceHolderNameBorder" Visible="false" style="padding:12px 0px 0px 0px">
          <GridPanel Columns="3" Width="100%">
            <Literal Text="Add to Placeholder: " GridPanel.NoWrap="true" />
            <Space Width="4" />
            <Edit ID="PlaceholderName" Name="PlaceholderName" GridPanel.Width="100%" Width="100%" />
          </GridPanel>
        </Border>

        <Border ID="OpenPropertiesBorder" Visible="false" style="padding:8px 0px 0px 0px">
          <Checkbox ID="OpenProperties" Header="Open Properties after this dialog closes" />
        </Border>
      </GridPanel>

    </FormDialog>
  </Sitecore.Shell.Applications.Dialogs.SelectRendering>
</control>
