<?xml version="1.0" encoding="utf-8" ?> 
<control xmlns:def="Definition" xmlns="http://schemas.sitecore.net/Visual-Studio-Intellisense">
  <FixLinks>
    <WizardForm CodeBeside="Sitecore.Shell.Applications.Dialogs.FixLinks.FixLinksForm,Sitecore.Client">
    
      <WizardFormFirstPage ID="FirstPage" Icon="Network/32x32/Link_new.png">
        <Border Class="scWizardWelcomeTitle"><Literal ID="Welcome" Text="Welcome to the Fix References Wizard."/></Border>
        <Literal Text="This wizard helps you:"/>
        <ul>
          <li class="scWizardBullet"><Literal Text="Choose an action for fixing references."/></li>
          <li class="scWizardBullet"><Literal Text="If you want, choose another item to reference."/></li>
          <li class="scWizardBullet"><Literal Text="Fix the references."/></li>
        </ul>
      </WizardFormFirstPage>
      
      <WizardFormPage ID="Options" Header="Options" Text="Please select an action. When ready, click Next to continue." Icon="Network/32x32/Link_new.png">
        <WizardFormIndent>
        
          <Groupbox Header="Options">
            <Radiobutton ID="RemoveLinks" Name="Action" Header="Remove References." Value="RemoveLinks"/><br/>
            <Radiobutton ID="Relink" Name="Action" Header="Select Another Item to Reference." Value="Relink"/><br/>
          </Groupbox>
          
        </WizardFormIndent>
      </WizardFormPage>
    
      <WizardFormPage ID="SelectItem" Header="Select Item" Text="Please select another item to reference. When ready, click Next to update the references." Icon="Network/32x32/Link_new.png">
        <WizardFormIndent>
          <DataContext ID="DataContext" Root="/" Folder="/sitecore/content" DataViewName="Master"/>
          
          <GridPanel Width="100%" Height="100%">

            <Literal Text="Select another item."/>
            
            <Scrollbox Width="100%" Height="100%" GridPanel.Height="100%" Padding="0" ContextMenu="Root.GetContextMenu">
              <TreeviewEx ID="Link" DataContext="DataContext"/>
            </Scrollbox>
            
          </GridPanel>
        </WizardFormIndent>
      </WizardFormPage>
    
      <WizardFormPage ID="Fixing" Header="Fixing" Text="Please wait while updating..." Icon="Network/32x32/Link_new.png">
        <GridPanel Width="100%">
          
          <Space Height="64"/>
          
          <ThemedImage Src="Network/48x48/Link_new.png" Width="48" Height="48" GridPanel.Align="center"/>

          <Space Height="16"/>
          
          <Border Align="center">
            <ThemedImage Src="Images/progress.gif" Width="94" Height="17"/>
          </Border>
          
          <Space Height="16"/>
          
          <Border ID="Text" Align="center" GridPanel.Align="center" GridPanel.Style="font-weight:bold">
            <Literal Text="Fixing..."/>
          </Border>
          <Space Height="16"/>
          <Border ID="Status" Align="center" GridPanel.Align="center">
            &#160;
          </Border>
          
        </GridPanel>
      </WizardFormPage>

      <WizardFormPage ID="Retry" Header="An error occurred" Text="An error occurred while fixing. You can review the error text below." Icon="Network/32x32/Link_new.png">
        <WizardFormPadding>
          <GridPanel Width="100%" Height="100%" Fixed="true">
            <Memo ID="ErrorText" ReadOnly="true" Width="100%" Height="100%"/>
          </GridPanel>
        </WizardFormPadding>
      </WizardFormPage>

      <WizardFormLastPage ID="LastPage" Icon="Network/32x32/Link_new.png">
        <GridPanel Cellpadding="2" Width="100%" Height="100%" Fixed="true">
        
          <Border GridPanel.Style="padding:0px 0px 16px 0px; font-weight:bold"><Literal Text="The wizard has completed."/></Border>
          
          <Border GridPanel.Style="padding:0px 0px 2px 0px">
            <Literal Text="Result:"/>
          </Border>
          
          <Memo ID="ResultText" ReadOnly="true" Width="100%" Height="100%" GridPanel.Height="100%"/>
          
        </GridPanel>
      </WizardFormLastPage>

    </WizardForm>
  </FixLinks>
</control>
