﻿<?xml version="1.0" encoding="utf-8" ?>
<control xmlns:def="Definition">
  <Installer.ItemSourceEditor def:inherits="Sitecore.Shell.Applications.Install.Controls.ItemSourceEditor,Sitecore.Client">
    <Tabstrip def:ID="Tabs" Width="100%" Height="100%">
      <Tab Header="Search Root">
        <Installer.ItemSourceRootEditor Padding="4px" />
      </Tab>
      <Tab Header="Filters">
        <Installer.ItemsFilterEditor Padding="4px" />
      </Tab>
      <Tab Header="Installation options">
        <Installer.SourceOutputEditor Padding="4px" />
      </Tab>
      <Tab Header="Preview">
        <Installer.SourceViewer Padding="4px" />
      </Tab>
      <Tab Header="Name">
        <Installer.NameEditor Padding="4px" />
      </Tab>
    </Tabstrip>
  </Installer.ItemSourceEditor>
</control>