﻿<?xml version="1.0" encoding="utf-8" ?>
<control xmlns:def="Definition">
  <Installer.SourceOutputEditor def:inherits="Sitecore.Shell.Applications.Install.Controls.SourceOutputEditor,Sitecore.Client">
    <Border Padding="4px">
      <Border>
        <Literal Text="How should the installer behave if the package contains items that already exist:" Style="font-weight:bold;"/>
      </Border>
      <Installer.BehaviourOptionEditor def:ID="Options" User="Developer" MergeOption='${StringUtil.GetString($MergeOption,"true")}'/>
    </Border>
  </Installer.SourceOutputEditor>
</control>