﻿<?xml version="1.0" encoding="utf-8" ?>
<control xmlns:def="Definition" xmlns="http://schemas.sitecore.net/Visual-Studio-Intellisense" xmlns:shell="http://www.sitecore.net/shell">
  <Sitecore.Shell.Applications.WebDAV.WebDAVBrowser>
    <FormDialog Icon="Applications/32x32/photo_scenery.png" Header="Drag and Drop" Submittable="false"
      Text="Drag and Drop browse area" ID="Dialog">

      <Stylesheet Src="MediaBrowser.css" DeviceDependant="true" />
      <CodeBeside Type="Sitecore.Shell.Applications.WebDAV.WebDAVBrowserForm,Sitecore.Client"/>

      <GridPanel Width="100%" Height="100%" Style="table-layout:fixed">
        <WebFolderView runat="server" ID="DAVFrame" Style="Border:1px inset;" Width="100%" Height="100%" Visible="false"/>
      </GridPanel>
    </FormDialog>
  </Sitecore.Shell.Applications.WebDAV.WebDAVBrowser>
</control>
