<?xml version="1.0" encoding="utf-8" ?>
<control xmlns:def="Definition" xmlns="http://schemas.sitecore.net/Visual-Studio-Intellisense" xmlns:shell="http://www.sitecore.net/shell">
  <SecurityEditor>
    <FormPage Application="Security/Security Editor">
      <Stylesheet Src="Content Manager.css" DeviceDependant="true"/>
      <Stylesheet Src="Ribbon.css" DeviceDependant="true"/>

      <Script Src="/sitecore/shell/Controls/SitecoreObjects.js"/>
      <Script Src="/sitecore/shell/Applications/Content Manager/Content Editor.js"/>
      <Script Src="/sitecore/shell/Applications/Security/SecurityEditor/SecurityEditor.js"/>

      <CodeBeside Type="Sitecore.Shell.Applications.Security.SecurityEditor.SecurityEditorForm,Sitecore.Client"/>

      <DataContext ID="DataContext" Root="{11111111-1111-1111-1111-111111111111}"/>
      
      <input type="hidden" id="scActiveRibbonStrip" name="scActiveRibbonStrip" />

      <GridPanel ID="Grid" Width="100%" Height="100%" Fixed="true">

        <Border ID="RibbonPanel" GridPanel.Width="100%"/>

        <GridPanel Width="100%" Height="100%" GridPanel.Height="100%" GridPanel.Width="100%" Fixed="true">

          <Scrollbox Class="scScrollbox scFixSize" Height="100%" Border="none" Padding="0px" GridPanel.Width="100%" GridPanel.Height="100%" GridPanel.VAlign="top">

            <shell:SecurityTreeview Click="Treeview_Click" ID="Treeview" DataContext="DataContext" Root="true" ContextMenu='Treeview.GetContextMenu("contextmenu")' AllowDragging="true"/>
            
          </Scrollbox>
        
        </GridPanel>

        <SecurityEditorLegend />

      </GridPanel>

    </FormPage>
  </SecurityEditor>
</control>
