<?xml version="1.0" encoding="utf-8" ?>
<control xmlns:def="Definition" xmlns="http://schemas.sitecore.net/Visual-Studio-Intellisense" xmlns:shell="http://www.sitecore.net/shell">
  <Gallery.New.Option>
    <Border RollOver="true" Class="scMenuPanelItem" Padding="4px 0px 4px 0px" Click="$Click">
      <GridPanel Columns="2">
        <ThemedImage Src="$Icon" Height="32" Width="32" Margin="0px 4px 0px 4px" GridPanel.VAlign="top"/>

        <Border GridPanel.VAlign="top" Padding="2px 4px 2px 0px">
          <Border Padding="0px 0px 4px 0px" NoWrap="true">
            <b>
              <Literal Text="$Header"/>
            </b>
          </Border>

          <Border NoWrap="true" Foreground="#666666">
            <Literal Text="$Description"/>
          </Border>
        </Border>
      </GridPanel>
    </Border>
  </Gallery.New.Option>
</control>
