<?xml version="1.0" encoding="UTF-8" ?>
<xamlControls 
  xmlns:x="http://www.sitecore.net/xaml"
  xmlns:ajax="http://www.sitecore.net/ajax"
  xmlns:rest="http://www.sitecore.net/rest"
  xmlns:r="http://www.sitecore.net/renderings"
  xmlns:xmlcontrol="http://www.sitecore.net/xmlcontrols"
  xmlns:p="http://schemas.sitecore.net/Visual-Studio-Intellisense"
  xmlns:asp="http://www.sitecore.net/microsoft/webcontrols"
  xmlns:html="http://www.sitecore.net/microsoft/htmlcontrols"
  xmlns:xsl="http://www.w3.org/1999/XSL/Transform">

  <Sitecore.Shell.Applications.Analytics.TrackingField.Goals x:inherits="Sitecore.Shell.Applications.Analytics.TrackingField.GoalsPage,Sitecore.Client">

    <Sitecore.Controls.DialogPage runat="server" Header="Goals" Icon="People/32x32/flag_checkered.png" Text="Select the goal that is achieved when a visitor accesses this page. When a visitor completes a goal, this action is called a conversion.">
      <AjaxScriptManager runat="server"/>
      <ContinuationManager runat="server" />
      <Script runat="server" Src="/sitecore/Shell/Applications/Analytics/TrackingField/TrackingField.js" />

      <table width="100%" height="100%" cellpadding="0" cellspacing="0" border="0">
        <tr>
          <td height="100%">
            <GridPanel Width="100%" Height="100%" runat="server" Background="White">

              <Border runat="server" GridPanel.Style="height:100%" Height="100%">
                <Scrollbox id="GoalsList" runat="server" Width="100%" Height="100%"/>
              </Border>
            </GridPanel>
          </td>
        </tr>
      </table>        
        
    </Sitecore.Controls.DialogPage>
  </Sitecore.Shell.Applications.Analytics.TrackingField.Goals>


</xamlControls>
