<?xml version="1.0" encoding="UTF-8" ?>
<xamlControls 
  xmlns:x="http://www.sitecore.net/xaml"
  xmlns:ajax="http://www.sitecore.net/ajax"
  xmlns:rest="http://www.sitecore.net/rest"
  xmlns:r="http://www.sitecore.net/renderings"
  xmlns:xmlcontrol="http://www.sitecore.net/xmlcontrols"
  xmlns:p="http://schemas.sitecore.net/Visual-Studio-Intellisense"
  xmlns:asp="http://www.sitecore.net/microsoft/webcontrols"
  xmlns:html="http://www.sitecore.net/microsoft/htmlcontrols"
  xmlns:xsl="http://www.w3.org/1999/XSL/Transform">

  <Sitecore.Shell.Applications.Analytics.TrackingField x:inherits="Sitecore.Shell.Applications.Analytics.TrackingField.TrackingFieldPage,Sitecore.Client">
    <x:register assembly="ComponentArt.Web.UI" namespace="ComponentArt.Web.UI" />

    <Sitecore.Controls.DialogPage runat="server" Header="Attributes" Icon="People/32x32/Megaphone.png" Text="Select the analytics attributes that are associated with this page. Analytics attributes help build a more comprehensive picture of the visitor’s behavior as they navigate through your Web site.">
      <AjaxScriptManager runat="server"/>
      <ContinuationManager runat="server" />
      <Script runat="server" Src="/sitecore/Shell/Applications/Analytics/TrackingField/TrackingField.js" />

      <script type="text/javascript" language="javascript">
        
        function scToggle(id) {
        var element = $("profile_" + id);

        var checked = element.checked;

        var panel = $("profile_panel_" + id);

        panel.disabled = !checked;
        panel.descendants().each(function(element) { element.disabled = !checked });
        }

      </script>

      <Style runat="server" x:placeholder="Stylesheets">
        .EntryGrid {
        padding:0px 8px 2px 8px;
        }

        .EntryGrid td {
        white-space:nowrap;
        }

        .TabStrip {
        position:relative;
        top:2px;
        z-index:1;
        }

        .DefaultTab {
        color:black;
        background-image: url(/sitecore/shell/themes/standard/ComponentArt/Tabstrip/tab_bg.gif);
        font-family:Tahoma;
        font-size:8pt;
        cursor:default;
        }

        .DefaultTabHover {
        color:black;
        background-image: url(/sitecore/shell/themes/standard/ComponentArt/Tabstrip/hover_tab_bg.gif);
        font-family:Tahoma;
        font-size:8pt;
        cursor:default;
        }

        .SelectedTab {
        color:black;
        background-image: url(/sitecore/shell/themes/standard/ComponentArt/Tabstrip/selected_tab_bg.gif);
        font-family:Tahoma;
        font-size:8pt;
        cursor:default;
        }

        .MultiPage {
        background-color:White;
        border: 1px solid #919B9C;
        width:100%;
        height:100%;
        }

        .PageContent {
        background:#fbfbfb;
        height:100%;
        }

        .scText,
        .scPassword,
        .scLookup,
        .scChecklist {
        width:100%;
        }

        .scMemo {
        width:100%;
        height:120px;
        }

        .scCheckbox {
        }

        .scFieldLabel {
        color:#6487DC;
        padding:4px 0px 2px 0px;
        background:white;
        border:none;
        }

      </Style>

      <table width="100%" height="100%" cellpadding="0" cellspacing="0" border="0">
        <tr>
          <td>
            <TabStrip id="TabStrip"
              CssClass="TabStrip" 
              DefaultItemLookId="DefaultTabLook"
              DefaultSelectedItemLookId="SelectedTabLook"
              DefaultDisabledItemLookId="DisabledTabLook"
              DefaultGroupTabSpacing="0"
              ImagesBaseUrl="/sitecore/shell/themes/standard/ComponentArt/TabStrip/"
              MultiPageId="MultiPage"
              runat="server">
              <ItemLooks>
                <ItemLook LookId="DefaultTabLook" CssClass="DefaultTab" HoverCssClass="DefaultTabHover" LabelPaddingLeft="10" LabelPaddingRight="10" LabelPaddingTop="5" LabelPaddingBottom="4" LeftIconUrl="tab_left_icon.gif" RightIconUrl="tab_right_icon.gif" HoverLeftIconUrl="hover_tab_left_icon.gif" HoverRightIconUrl="hover_tab_right_icon.gif" LeftIconWidth="3" LeftIconHeight="21" RightIconWidth="3" RightIconHeight="21" runat="server" />
                <ItemLook LookId="SelectedTabLook" CssClass="SelectedTab" LabelPaddingLeft="10" LabelPaddingRight="10" LabelPaddingTop="4" LabelPaddingBottom="4" LeftIconUrl="selected_tab_left_icon.gif" RightIconUrl="selected_tab_right_icon.gif" LeftIconWidth="3" LeftIconHeight="21" RightIconWidth="3" RightIconHeight="21" runat="server" />
              </ItemLooks>
              <Tabs>
                <TabStripTab Text="Campaigns" runat="server" />
                <TabStripTab Text="Events" runat="server" />
                <TabStripTab Text="Failure Actions" runat="server" />
                <TabStripTab Text="Settings" runat="server" />
              </Tabs>
            </TabStrip>
          </td>
        </tr>

        <tr>
          <td height="100%">
            <MultiPage id="MultiPage" CssClass="MultiPage" runat="server">
              <PageViews>

                <PageView CssClass="PageContent" runat="server">
                  <GridPanel Width="100%" Height="100%" runat="server" Background="White">
                    <Border runat="server" Padding="8px">
                      <ThemedImage Src="Business/24x24/money2.png" Width="24" Height="24" runat="server" Margin="0px 4px 0px 0px" Align="absmiddle" />

                      <Literal Text="Select the associated campaigns." runat="server" />
                    </Border>

                    <Border runat="server" GridPanel.Style="height:100%" Height="100%">
                      <Scrollbox id="CampaignList" runat="server" Width="100%" Height="100%" Border="none"/>
                    </Border>
                  </GridPanel>
                </PageView>

                <PageView CssClass="PageContent" runat="server">
                  <GridPanel Width="100%" Height="100%" runat="server" Background="White">
                    <Border runat="server" Background="White" Padding="8px">
                      <ThemedImage Src="Software/24x24/step.png" Width="24" Height="24" runat="server" Margin="0px 4px 0px 0px" Align="absmiddle" />

                      <Literal Text="Select the associated events." runat="server" />
                    </Border>

                    <Border runat="server" GridPanel.Style="height:100%" Height="100%">
                      <Scrollbox id="EventsList" runat="server" Width="100%" Height="100%" Border="none"/>
                    </Border>
                  </GridPanel>
                </PageView>

                <PageView CssClass="PageContent" runat="server">
                  <GridPanel Width="100%" Height="100%" runat="server" Background="White">
                    <Border runat="server" Padding="8px">
                      <ThemedImage Src="Applications/24x24/delete.png" Width="24" Height="24" runat="server" Margin="0px 4px 0px 0px" Align="absmiddle" />

                      <Literal Text="Select the associated failure actions." runat="server" />
                    </Border>

                    <Border runat="server" GridPanel.Style="height:100%" Height="100%">
                      <Scrollbox id="FailuresList" runat="server" Width="100%" Height="100%" Border="none"/>
                    </Border>
                  </GridPanel>
                </PageView>

                <PageView CssClass="PageContent" runat="server">
                  <GridPanel Width="100%" Height="100%" runat="server" Background="White">
                    <Border runat="server" Background="White" Padding="8px">
                      <ThemedImage Src="Applications/24x24/preferences.png" Width="24" Height="24" runat="server" Margin="0px 4px 0px 0px" Align="absmiddle" />

                      <Literal Text="Select the appropriate settings." runat="server" />
                    </Border>

                    <Border runat="server" Padding="7px">
                      <asp:CheckBox ID="Ignore" runat="server" Text="Disable Analytics for this Page" />
                    </Border>
                    
                    <Border runat="server" GridPanel.Style="height:100%" Height="100%" Padding="7px 7px 7px 12px">
                      <Literal runat="server" Text="If you disable analytics for this page, Sitecore will not register information when visitors access this page." />
                    </Border>
                  </GridPanel>
                </PageView>

              </PageViews>
            </MultiPage>
          </td>
        </tr>
      </table>        
        
    </Sitecore.Controls.DialogPage>
  </Sitecore.Shell.Applications.Analytics.TrackingField>

</xamlControls>
