﻿<?xml version="1.0" encoding="utf-8" ?>
<control xmlns:def="Definition" xmlns="http://schemas.sitecore.net/Visual-Studio-Intellisense">
   <Installer.AddItemSource>
      <WizardForm CodeBeside="Sitecore.Shell.Applications.Install.Dialogs.AddItemSourceForm,Sitecore.Client">
         <Border ID="Internals" />
         <WizardFormFirstPage ID="FirstPage" Icon="People/32x32/Box_Software.png">
            <Border Class="scWizardWelcomeTitle">
               <Literal ID="Welcome" Text="Welcome to the Add Dynamic Item Source Wizard."/>
            </Border>
            <Literal Text="This wizard helps you:"/>
           <ul>
             <li class="scWizardBullet">
               <Literal Text="Select the root item for the search."/>
             </li>
             <li class="scWizardBullet">
               <Literal Text="Specify the search criteria."/>
             </li>
             <li class="scWizardBullet">
               <Literal Text="Add the dynamic item source."/>
             </li>
           </ul>
         </WizardFormFirstPage>

         <WizardFormPage ID="LoadItemSource" Header="Select Root Item" Text="Select the database and the item where you want to start the search. Click Next to continue." Icon="People/32x32/Box_Software.png">
            <WizardFormIndent>
              <Installer.ItemSourceRootEditor ID="Root"/>
            </WizardFormIndent>
         </WizardFormPage>

         <WizardFormPage ID="ApplyFilters" Header="Specify Source Filters" Text="Specify the filters that you want to apply to the source. Click Next to continue." Icon="People/32x32/Box_Software.png">
            <WizardFormIndent>
               <Installer.ItemsFilterEditor ID="Filters" />
            </WizardFormIndent>
         </WizardFormPage>

        <WizardFormPage ID="SetName" Header="Source Name" Text="Enter a name for the source. Click Add to add the dynamic item source." Icon="People/32x32/Box_Software.png">
          <WizardFormIndent>
            <Installer.NameEditor ID="Name" />
          </WizardFormIndent>
        </WizardFormPage>

        <WizardFormLastPage ID="LastPage" Icon="People/32x32/Box_Software.png">
          <Border>
            <Literal Text="The dynamic item source has been added successfully."/>
          </Border>
          <Border>
            <Literal Text="Click Finish to close the wizard."/>
          </Border>
        </WizardFormLastPage>

      </WizardForm>
   </Installer.AddItemSource>
</control>

