﻿<?xml version="1.0" encoding="utf-8" ?>
<control xmlns:def="Definition" xmlns="http://schemas.sitecore.net/Visual-Studio-Intellisense">
  <Installer.AddFilesDialog>
    <FormDialog Icon="Applications/24x24/folder_view.png" Header="Add Files" 
      Text="Pick the files and folders that you want to include in the package.">

      <CodeBeside Type="Sitecore.Shell.Applications.Install.Dialogs.AddFilesDialog,Sitecore.Client"/>

      <DataContext ID="DataContext" DataContext="TreeDataContext" DefaultItem="/"/>
      <DataContext ID="TreeDataContext" DataContext="DataContext" DefaultItem="/"  Filter="Contains('${Sitecore.Data.DataProviders.FileSystemDataProvider.FolderID.ToString()}', @@templateid)"/>

      <UpAction ID="UpAction" DataContext="DataContext"/>

      <ContextMenu ID="ContextMenu">
        <MenuItem Icon="Applications/16x16/folder_up.png" Header="Up" Action="UpAction" Click="DataContext.Up" />
        <MenuDivider/>
        <ListviewViewsMenuItems Listview="FileExplorer"/>
      </ContextMenu>

      <GridPanel Width="100%" Height="100%">
        
        <GridPanel ID="Body" Columns="3" Width="100%" Height="100%" Fixed="true" Border="1px inset">

          <Scrollbox ID="Folders" Width="100%" Height="100%" Background="window" Border="none" Padding="0" Style="filter:progid:DXImageTransform.Microsoft.Gradient(GradientType=1, StartColorStr='#ffffff', EndColorStr='#DFE6EC')" GridPanel.ID="FoldersPane" GridPanel.Width="200">
            <DataTreeview ID="FileTreeview" DataContext="TreeDataContext" MultiSelect="false" Root="true"/>
          </Scrollbox>

          <VSplitter ID="FileExplorerLeft" GridPanel.Width="4" Target="left" GridPanel.Style="background:#e9e9e9; display:expression(previousSibling.style.display)"/>

          <Scrollbox Width="100%" Height="100%" Background="window" Border="none" Padding="0" ContextMenu="show:ContextMenu">
            <DataListview ID="FileExplorer" DataContext="DataContext" DblClick="AddFile">
              <ListviewHeader>
                <ListviewHeaderItem Name="name" Header="Name"/>
                <ListviewHeaderItem Name="size" Header="Size"/>
                <ListviewHeaderItem Name="modified" Header="Date Modified"/>
              </ListviewHeader>
            </DataListview>
          </Scrollbox>

        </GridPanel>

        <Space GridPanel.Height="4px"/>

        <Border GridPanel.Height="4px">
           <Toolbutton Style="float:right" Icon="Applications/24x24/delete2.png" Header="Remove" ToolTip="Remove entry from selection list." Click="Remove(&quot;&quot;)"/>
           <Toolbutton Icon="Applications/24x24/add.png" Header="Add File" ToolTip="Adds a file to the package." Click="AddFile"/>
        </Border>

        <Space GridPanel.Height="4px"/>

        <Scrollbox ID="ItemListBox" Width="100%" GridPanel.Height="150px" Height="100%" ContextMenu="ListContextMenu()">
          <Listview ID="ItemList" Width="100%" View="Details">
            <ListviewHeader>
              <ListviewHeaderItem Header="Selected paths:"/>
            </ListviewHeader>
          </Listview>
        </Scrollbox>

      </GridPanel>

    </FormDialog>
  </Installer.AddFilesDialog>
</control>