<?xml version="1.0" encoding="utf-8" ?> 
<control xmlns:def="Definition" xmlns="http://schemas.sitecore.net/Visual-Studio-Intellisense">
  <WorkboxItem>
    <Border Style="border-bottom:1px solid #999999" Margin="8px 4px 8px 16px" Padding="2px 8px 8px 8px">
      <GridPanel Columns="3">
      
        <Checkbox GridPanel.Valign="top" ID="$CheckID" Click="javascript:true"/>

        <Border Click="$Click" GridPanel.Valign="top">
          <input type="hidden" name="$HiddenID" value="$CheckValue"/>
          <ThemedImage Src="$Icon" Width="24" Height="24" Margin="0px 4px 0px 0px"/>
        </Border>
        
        <Border Cursor="default" GridPanel.Width="100%" GridPanel.Valign="top">
          <Border Class="scRollOver" RollOver="true" Click="$Click" Foreground="#072D6B">
            <Literal Class="scClickFont" Style="font-weight:bold" Text="$Header"/>
            <Literal Class="scFont" Text="$Details"/>
          </Border>
          
          <Literal Text="$ShortDescription"/>
          
          <Border Background="#dddddd" Margin="2px 0px 8px 0px"><Space/></Border>
          
          <Literal Foreground="#999999" Text="Last change:"/>&#160;<Literal Text="$History"/>&#160;
          <Inline ID="$HistoryMoreID" Class="scRollover" RollOver="true" Click="$HistoryClick"><Literal Text="More"/><ThemedImage Src="Images/SortDown9x5.png" Width="9" Height="5" Margin="0px 0px 0px 2px" Align="absmiddle"/></Inline>

          <Border Background="#dddddd" Margin="8px 0px 8px 0px"><Space/></Border>
          
          <WorkboxCommand Icon="Applications/16x16/document_time.png" Header="Preview" Command="$PreviewClick"/>
          <WorkboxCommand Icon="Applications/16x16/document_view.png" Header="Open" Command="$Click"/>
          <WorkboxCommand Icon="Applications/16x16/Document_exchange.png" Header="Diff" Command="$DiffClick"/>
          <def:Placeholder/>
        </Border>
        
      </GridPanel>
    </Border>
  </WorkboxItem>
</control>
