<?xml version="1.0" encoding="utf-8" ?> 
<control xmlns:def="Definition" xmlns="http://schemas.sitecore.net/Visual-Studio-Intellisense">
  <Gallery.SecurityPresets>
    <Gallery>
      <Stylesheet Src="Content Manager.css" DeviceDependant="true"/>

      <CodeBeside Type="Sitecore.Shell.Applications.ContentManager.Galleries.SecurityPresets.GallerySecurityPresetsForm,Sitecore.Client"/>

      <GridPanel Width="100%" Height="100%">
        
        <Scrollbox ID="Presets" Width="100%" Height="100%" Padding="0" Border="none" Background="transparent" GridPanel.Height="100%"/>
        
        <MenuLine/>

        <Gallery.Grip/>

      </GridPanel>

    </Gallery>
  </Gallery.SecurityPresets>
</control>
