<?xml version="1.0" encoding="utf-8" ?>
<control xmlns:def="Definition" xmlns="http://schemas.sitecore.net/Visual-Studio-Intellisense">
  <ExternalLink>
    <FormDialog Icon="Network/32x32/link.png" Header="Insert an external link" Text="Please specify the URL, e.g. http://www.sitecore.net and any additional properties. When done click the OK button." OKButton="OK">

      <Stylesheet Key="Style">
        .ff .test {
          margin: 0 -4px 0 4px;
        }
      </Stylesheet>
      
      <CodeBeside Type="Sitecore.Shell.Applications.Dialogs.ExternalLink.ExternalLinkForm,Sitecore.Client"/>

      <GridPanel CellPadding="2" Columns="2" Width="100%">
        <Label For="Text" GridPanel.NoWrap="true"><Literal Text="Link description:"/></Label>
        <Edit ID="Text" Width="100%" GridPanel.Width="100%"/>
        
        <Label For="Url" GridPanel.NoWrap="true"><Literal Text="URL:"/></Label>
        <Border>
          <GridPanel Columns="2" Width="100%">
            <Edit ID="Url" Width="100%" GridPanel.Width="100%"/>
            <Button Header="Test" Click="OnTest"/>
          </GridPanel>
        </Border>

        <Label for="Target" GridPanel.NoWrap="true"><Literal Text="Target window:"/></Label>
        <Combobox ID="Target" GridPanel.Width="100%" Width="100%" Change="OnListboxChanged">
          <ListItem Value="Self" Header="Active browser"/>
          <ListItem Value="New" Header="New browser"/>
          <ListItem Value="Custom" Header="Custom"/>
        </Combobox>
        
        <Panel ID="CustomLabel" Disabled="true" Background="transparent" Border="none" GridPanel.NoWrap="true" GridPanel.Align="right"><Label For="CustomTarget"><Literal Text="Custom:" /></Label></Panel>
        <Edit ID="CustomTarget" Width="100%" Disabled="true"/>

        <Label For="Class" GridPanel.NoWrap="true"><Literal Text="Style class:" /></Label>
        <Edit ID="Class" Width="100%" />
        
        <Label for="Title" GridPanel.NoWrap="true"><Literal Text="Alternate text:"/></Label>
        <Edit ID="Title" Width="100%" />
      </GridPanel>
      
    </FormDialog>
  </ExternalLink>
</control>
