<?xml version="1.0" encoding="UTF-8" ?>
<xamlControls 
  xmlns:x="http://www.sitecore.net/xaml"
  xmlns:ajax="http://www.sitecore.net/ajax"
  xmlns:rest="http://www.sitecore.net/rest"
  xmlns:r="http://www.sitecore.net/renderings"
  xmlns:xmlcontrol="http://www.sitecore.net/xmlcontrols"
  xmlns:p="http://schemas.sitecore.net/Visual-Studio-Intellisense"
  xmlns:asp="http://www.sitecore.net/microsoft/webcontrols"
  xmlns:html="http://www.sitecore.net/microsoft/htmlcontrols"
  xmlns:xsl="http://www.w3.org/1999/XSL/Transform">

  <Sitecore.Shell.Applications.WebEdit.Dialogs.AddRendering x:inherits="Sitecore.Shell.Applications.WebEdit.Dialogs.AddRendering.AddRenderingPage,Sitecore.Client">
    
    <Sitecore.Controls.DialogPage runat="server" Icon="Applications/32x32/window_add.png" Header="Add a Rendering" Text="Add a rendering to the web page.">
      <AjaxScriptManager runat="server" />
      <ContinuationManager runat="server" />
      <Stylesheet runat="server" Src="Treeview.css" DeviceDependant="true"/>

      <DataContext runat="server" Root="/sitecore/layout" />

      <Scrollbox Width="100%" Height="100%" runat="server">
        <TreeviewEx ID="Treeview" runat="server" DataContext="DataContext" />
      </Scrollbox>

    </Sitecore.Controls.DialogPage>
    
  </Sitecore.Shell.Applications.WebEdit.Dialogs.AddRendering>
</xamlControls>
