<?xml version="1.0" encoding="utf-8" ?>
<control xmlns:def="Definition" xmlns="http://schemas.sitecore.net/Visual-Studio-Intellisense">
  <AddFromMaster>
    <FormDialog ID="Dialog" Icon="Software/32x32/component.png" Header="Select a Master" 
      Text="Please select a master and enter the name of the new item. Then click the Create button." OKButton="Create"
      ClientPadding="0">

      <CodeBeside Type="Sitecore.Shell.Applications.Masters.AddFromMaster.AddFromMasterForm,Sitecore.Client"/>

      <GridPanel Width="100%" Height="100%" Style="table-layout:fixed">
        <Scrollbox Width="100%" Height="100%" Background="white" Border="1px inset" Padding="0px" GridPanel.Height="100%">

          <Treeview ID="Masters" Click="SelectTreeNode" DblClick="DoOK">
            <TreeHeader>
              <TreeHeaderItem Name="name" Header="Name"/>
              <TreeHeaderItem Name="__Short description" Header="Description"/>
            </TreeHeader>
          </Treeview>

        </Scrollbox>

        <Border Padding="4px 0px 0px 0px">
          <GridPanel Width="100%" Columns="2">

            <Border Padding="0px 4px 0px 0px" GridPanel.Align="right" NoWrap="true">
              <Literal Text="Master:"/>
            </Border>

            <Edit ID="MasterName" Width="100%" GridPanel.Width="100%"/>

            <Border Padding="0px 4px 0px 0px" GridPanel.Align="right" NoWrap="true">
              <Literal Text="Item Name:"/>
            </Border>

            <Edit ID="ItemName" Width="100%" GridPanel.Width="100%"/>

          </GridPanel>
        </Border>

      </GridPanel>
    </FormDialog>
  </AddFromMaster>
</control>

