<?xml version="1.0" encoding="UTF-8" ?>
<xamlControls 
  xmlns:x="http://www.sitecore.net/xaml"
  xmlns:ajax="http://www.sitecore.net/ajax"
  xmlns:rest="http://www.sitecore.net/rest"
  xmlns:javascript="http://www.sitecore.net/javascript"
  xmlns:r="http://www.sitecore.net/renderings"
  xmlns:xmlcontrol="http://www.sitecore.net/xmlcontrols"
  xmlns:p="http://schemas.sitecore.net/Visual-Studio-Intellisense"
  xmlns:asp="http://www.sitecore.net/microsoft/webcontrols"
  xmlns:html="http://www.sitecore.net/microsoft/htmlcontrols"
  xmlns:xsl="http://www.w3.org/1999/XSL/Transform">
  
  <Sitecore.Shell.Applications.Security.ItemSecurityEditor Application="Security/Item Security Editor" x:inherits="Sitecore.Shell.Applications.Security.ItemSecurityEditor.ItemSecurityEditorPage,Sitecore.Client">
    <Sitecore.Controls.DialogPage Header="Security Settings" Icon="Network/32x32/lock_edit.png" Text="The security settings that apply to the current item." runat="server">
      <AjaxScriptManager runat="server"/>
      <ContinuationManager runat="server" />

      <Script runat="server" type="text/javascript" Src="/sitecore/shell/Applications/Security/ItemSecurityEditor/ItemSecurityEditor.js" />
      <Stylesheet runat="server" Src="/sitecore/shell/Applications/Security/ItemSecurityEditor/ItemSecurityEditor.css" />

      <GridPanel Height="100%" Width="100%" runat="server">
        <Border Padding="0px 0px 2px 0px"  runat="server">
          <Literal Text="Roles or User Names:" runat="server"/>
        </Border>

        <GridPanel Height="100%" Width="100%" GridPanel.Height="30%" runat="server">
          <Listbox ID="Accounts" Name="Accounts" Width="100%" Height="100%" GridPanel.Height="100%" Size="2" ajax:Change="Accounts_Change" runat="server" />
          
          <Border align="right" runat="server">
            <Button Header="Add" Margin="0px 4px 0px 0px" ID="Add" Click="Add_Click" runat="server" />
            <Button Header="Remove" ID="Remove" Click="Remove_Click" runat="server" />
          </Border>
        </GridPanel>

        <Border ID="NoAccounts" Visible="false" runat="server" style="position: absolute; top: 35px; left: 174px" />
        <Border ID="NoPermissions" Visible="false" runat="server" style="position: absolute; top: 270px; left: 124px; color: gray" />

        <Border Padding="12px 0px 2px 0px" runat="server">
          <Literal ID="PermissionsLabel" Text="Permissions for" runat="server"/>
          <b><Literal ID="Item" Text="Home" Style="padding: 0px 0px 0px 2px" runat="server" /></b>
          <Literal Text=":" runat="server"/>
        </Border>

        <Border Height="100%" GridPanel.Height="50%" runat="server">
          <Scrollbox ID="Permissions" Width="100%" Height="100%" Padding="0px" runat="Server" />
        </Border>

        <Border Padding="8px 0px 2px 0px" runat="server">
          <Literal ID="PermissionsLabel" Text="Inheritance" runat="server"/>
          <Literal ID="SpecializedInheritanceWarning" Class="scInheritanceWarning" runat="server" />
          <Literal Text=":" runat="server"/>
        </Border>

        <Border Height="100%" GridPanel.Height="8%" runat="server">
          <Scrollbox ID="Inheritance" Width="100%" Height="100%" style="overflow: hidden" Padding="0px" runat="Server" />
        </Border>
      </GridPanel>
      
    </Sitecore.Controls.DialogPage>
  </Sitecore.Shell.Applications.Security.ItemSecurityEditor>

</xamlControls>
                           